 ,leader:0,leader:1,leader:2,leader:3,leader:4,leader:5,leader:6,leader:7,leader:8,leader:9,leader:10,leader:11,leader:12,leader:13,leader:14,leader:15,leader:16,leader:17,leader:18,leader:19,leader:20,leader:21,leader:22,leader:23,leader:24,leader:25,leader:26,leader:27,leader:28,leader:29,leader:30,leader:31,leader:32,leader:33,leader:34,leader:35,leader:36,leader:37,leader:38,leader:39,leader:40,leader:41,leader:42,leader:43,leader:44,leader:45,leader:46,leader:47,leader:48,leader:49,leader:50,leader:51,leader:52,leader:53,leader:54,leader:55,leader:56,leader:57,leader:58,leader:59,leader:60,leader:61,leader:62,leader:63,leader:64,leader:65,leader:66,leader:67,leader:68,leader:69,leader:70,leader:71,leader:72,leader:73,leader:74,leader:75,leader:76,leader:77,leader:78,leader:79,leader:80,leader:81,leader:82,leader:83,leader:84,leader:85,leader:86,leader:87,leader:88,leader:89,leader:90,leader:91,leader:92,leader:93,leader:94,leader:95,leader:96,leader:97,leader:98,leader:99,
member:100,3,3,2,3,3,2,1,1,2,2,2,2,2,2,1,2,2,2,2,1,2,2,1,1,2,3,2,2,2,1,2,1,2,3,1,1,2,2,3,1,1,3,1,1,1,2,2,2,2,2,1,2,1,3,2,2,1,3,2,1,2,1,3,1,1,2,1,1,1,1,2,2,1,2,2,2,2,3,1,3,2,2,2,2,1,1,2,1,1,1,3,2,2,2,2,1,2,2,2,2,
member:101,2,2,2,2,1,3,2,1,3,1,1,1,3,1,2,2,2,2,3,1,2,1,2,2,2,1,3,3,3,3,4,2,3,2,1,1,1,1,2,3,2,2,2,1,3,3,1,2,2,1,2,3,2,2,1,1,3,2,1,3,1,1,1,1,2,1,2,2,2,2,3,1,2,1,2,4,1,1,3,1,3,2,1,4,3,1,2,2,2,1,1,2,1,1,1,3,3,3,1,1,
member:102,4,4,1,4,3,1,1,3,3,3,2,2,1,3,1,1,1,2,2,2,1,3,1,3,3,2,1,2,2,3,2,1,3,4,3,3,2,3,3,3,2,4,2,2,2,3,2,1,2,2,2,1,1,4,3,3,2,4,3,3,2,3,2,2,1,3,2,3,1,2,2,2,2,2,2,3,2,2,1,2,3,4,3,2,2,2,1,2,2,2,2,3,2,3,2,2,2,3,3,3,
member:103,3,2,2,3,4,2,1,2,2,3,2,3,2,3,1,2,2,3,1,2,2,3,2,1,2,3,2,1,1,1,1,2,2,3,2,2,2,2,4,1,2,3,2,2,1,1,3,2,3,3,1,2,1,3,3,2,1,2,2,1,2,2,3,2,1,3,1,1,2,1,1,3,1,2,3,2,2,3,1,3,2,2,2,1,1,2,2,1,2,2,3,2,3,2,2,1,1,1,3,3,
member:104,3,3,1,3,2,2,2,1,2,2,1,1,2,2,2,1,1,1,3,1,2,2,1,2,2,2,2,3,3,2,3,1,2,3,2,2,1,2,2,3,1,3,1,1,3,3,1,1,1,1,1,2,2,3,2,2,2,3,2,3,1,1,1,1,2,2,1,1,1,1,3,1,2,1,1,3,1,2,2,1,3,2,2,3,3,1,1,2,1,1,2,2,1,2,1,2,3,3,2,2,
member:105,2,2,3,2,4,3,2,2,1,3,3,4,3,4,2,3,3,3,1,3,3,4,2,2,2,4,3,1,1,1,1,3,1,2,3,3,3,3,5,1,2,2,2,2,2,1,4,3,3,3,2,3,2,2,3,3,1,3,3,1,3,3,4,3,2,3,2,2,3,2,1,4,2,3,3,1,3,4,2,4,1,3,3,1,1,3,3,2,2,3,4,2,3,3,3,1,2,1,3,4,
member:106,2,2,2,2,3,3,2,1,1,2,2,2,3,2,2,2,2,2,2,1,2,2,2,1,1,3,3,1,1,1,2,2,1,2,1,1,2,2,3,1,2,2,1,1,2,1,2,3,2,2,1,3,2,2,2,1,1,2,2,1,2,1,3,2,2,2,1,1,2,1,2,2,1,2,2,2,2,3,2,3,1,2,1,2,1,2,2,1,1,2,3,1,2,2,2,1,2,1,2,2,
member:107,3,2,2,2,2,2,2,1,2,1,1,2,3,2,1,2,2,2,2,1,2,2,2,1,1,2,2,2,2,2,3,1,2,3,1,1,1,2,3,2,1,3,1,1,2,2,2,2,1,1,1,3,2,2,1,2,2,2,1,2,1,1,2,1,1,1,1,1,1,1,2,2,1,1,2,3,1,2,2,2,2,2,2,3,2,1,2,1,1,1,2,1,1,2,1,2,2,2,2,2,
member:108,2,2,3,2,4,3,2,2,1,3,3,3,3,3,2,2,3,3,1,2,3,3,2,1,1,4,3,1,1,1,1,2,1,2,2,2,3,3,4,1,2,2,2,2,2,1,3,3,3,3,2,3,2,2,3,2,1,2,3,1,2,2,3,2,2,3,2,2,2,2,1,3,1,3,3,1,3,4,2,3,1,3,2,1,1,2,3,1,2,2,4,2,3,3,3,1,2,1,3,3,
member:109,3,2,2,2,2,2,1,1,2,1,1,1,2,2,1,2,1,1,2,1,2,2,2,1,2,2,2,2,2,2,3,1,2,3,1,1,1,2,3,2,1,3,1,1,2,2,2,2,1,1,1,2,2,3,1,2,2,2,1,2,1,1,2,1,1,1,1,1,1,1,2,1,1,1,1,3,1,2,2,2,2,2,2,3,2,1,2,1,1,1,2,2,1,2,1,2,2,2,2,2,
member:110,3,3,3,3,4,2,1,2,2,3,3,3,2,3,1,3,3,3,2,2,1,3,2,2,2,4,2,2,2,2,1,2,2,4,2,2,3,3,4,2,2,3,2,2,1,2,4,2,3,3,2,2,2,3,3,3,1,3,3,2,3,3,4,2,2,3,2,2,3,2,2,3,2,3,3,1,3,4,1,4,2,3,3,1,2,2,2,1,2,3,4,2,3,3,3,1,1,2,3,3,
member:111,3,3,1,3,3,2,1,1,2,2,2,2,2,2,1,1,2,2,2,1,1,2,1,1,2,3,2,2,2,1,2,1,2,3,2,2,2,2,3,2,1,3,1,1,2,2,2,2,2,2,1,2,1,3,2,2,1,3,2,2,1,1,2,1,1,2,1,1,1,1,2,2,1,2,2,2,2,3,1,2,2,2,2,2,2,1,1,1,1,1,3,2,2,2,2,1,2,2,2,2,
member:112,3,3,1,3,2,2,2,1,2,2,1,1,2,2,2,1,1,1,3,1,2,2,1,2,2,2,2,2,2,2,3,1,2,3,2,2,1,2,2,2,1,3,1,1,2,2,1,2,1,1,1,2,1,3,2,2,2,3,2,2,1,1,2,1,1,2,1,1,1,1,3,1,1,1,1,3,1,2,2,2,2,2,2,3,2,1,1,2,1,1,2,2,1,2,1,2,3,2,2,2,
member:113,2,2,3,2,4,3,2,3,1,3,3,4,3,4,2,3,3,3,1,3,2,4,2,2,2,4,3,1,1,1,1,3,1,2,3,3,3,3,5,1,2,2,2,2,1,1,4,3,3,3,2,3,2,2,3,3,1,3,3,1,3,3,4,3,2,3,2,2,3,2,1,4,2,3,4,1,3,4,1,4,1,3,3,1,1,3,2,2,2,3,4,2,3,3,3,1,1,1,3,4,
member:114,4,3,1,3,2,1,2,2,2,2,2,2,2,2,2,1,1,1,3,2,2,2,1,2,2,2,1,2,2,2,3,1,3,4,2,2,1,3,2,2,1,4,2,1,2,2,1,1,1,2,1,2,1,3,2,3,2,3,2,2,2,2,2,1,1,2,1,2,1,1,3,1,2,1,1,3,1,2,2,2,2,3,3,3,2,1,1,2,1,1,2,2,1,3,2,2,3,2,3,3,
member:115,3,2,2,3,1,3,3,2,4,2,2,1,3,2,3,2,2,1,4,2,3,1,2,3,3,1,2,4,4,4,4,2,4,3,2,2,2,2,1,4,2,3,2,2,4,4,1,2,2,1,3,3,3,3,1,2,4,2,2,4,2,2,1,2,3,2,3,3,2,3,4,1,3,2,2,5,2,1,4,1,4,2,2,4,4,2,3,3,2,2,1,2,1,2,2,4,4,4,2,2,
member:116,4,3,2,3,4,1,1,2,2,3,3,3,2,3,1,2,3,3,2,2,1,3,2,2,2,4,2,2,2,2,2,2,2,4,2,2,3,3,4,2,2,3,2,2,1,2,3,2,3,3,2,2,1,3,3,3,1,3,3,2,2,2,3,2,1,3,1,2,2,2,2,3,2,2,3,1,2,3,1,3,2,3,3,1,2,2,1,1,2,2,4,2,3,3,3,1,1,2,3,3,
member:117,3,2,2,3,1,3,3,2,4,2,2,1,3,1,3,2,2,1,4,2,3,1,2,3,3,1,2,4,4,4,4,2,4,3,2,2,2,2,1,4,3,3,3,2,4,4,1,2,2,2,3,3,3,3,1,2,4,2,2,4,2,2,1,2,3,2,3,3,2,3,4,1,3,2,2,5,2,1,4,1,4,2,2,4,4,2,3,3,3,2,1,2,1,2,2,4,4,4,2,2,
member:118,2,1,3,1,3,3,2,1,1,2,2,2,3,3,2,2,2,2,1,1,3,3,3,1,1,3,3,1,1,1,2,2,1,2,2,1,2,2,4,1,2,2,1,2,2,1,3,3,2,2,2,3,2,2,2,1,1,2,2,1,2,2,3,2,2,2,1,1,2,2,1,2,1,2,2,2,2,3,2,3,1,2,2,2,1,2,3,1,2,2,3,1,2,2,2,1,2,1,2,2,
member:119,3,2,2,3,1,3,3,2,4,2,2,1,3,1,3,2,2,2,4,2,3,1,2,3,3,1,3,4,4,4,4,2,4,3,2,2,2,2,1,4,3,3,3,2,4,4,1,2,2,2,3,3,3,3,1,2,4,2,2,4,2,2,1,2,3,2,3,3,2,3,4,1,3,2,2,5,2,1,4,1,4,2,2,4,4,2,3,3,3,2,1,2,1,2,2,4,4,4,2,1,
member:120,3,3,2,3,4,2,1,2,2,2,2,3,2,3,1,2,2,3,1,2,2,3,2,1,2,3,2,1,1,1,1,2,2,3,2,2,2,2,4,1,1,3,1,2,1,1,3,2,2,2,1,2,1,3,3,2,1,3,2,1,2,2,3,2,1,2,1,1,2,1,1,3,1,2,3,2,2,3,1,3,2,2,2,1,1,2,2,1,1,2,3,2,3,2,2,1,1,1,2,3,
member:121,3,2,2,2,3,2,1,1,2,2,2,2,2,2,1,2,2,2,2,1,2,2,2,1,1,3,2,1,1,1,2,1,2,3,1,1,2,2,3,1,1,3,1,1,1,1,2,2,2,2,1,2,2,3,2,2,1,2,2,1,2,1,3,1,1,2,1,1,2,1,2,2,1,2,2,2,2,3,1,3,2,2,2,2,1,1,2,1,1,2,3,2,2,2,2,1,2,1,2,2,
member:122,3,3,1,3,3,2,1,2,2,2,1,2,2,2,1,1,1,2,2,1,1,2,1,2,2,2,2,2,2,2,2,1,2,3,2,2,1,2,3,2,1,3,1,1,2,2,2,1,1,1,1,2,1,3,2,2,2,3,2,2,1,2,2,1,1,2,1,2,1,1,2,2,1,1,2,3,1,2,2,2,2,3,2,2,2,1,1,1,1,1,2,2,2,2,1,2,2,2,2,2,
member:123,2,2,2,2,2,3,2,1,2,1,1,2,3,2,2,2,2,2,2,1,2,2,2,1,1,2,3,2,2,2,3,2,2,2,1,1,1,1,3,2,1,2,1,1,2,2,2,2,1,1,1,3,2,2,1,2,2,2,1,2,1,1,2,1,2,1,1,1,2,1,2,2,1,1,2,3,1,2,2,2,2,2,2,3,2,1,2,1,1,1,2,1,1,1,1,2,2,2,1,2,
member:124,3,3,3,3,4,2,2,2,2,3,3,4,2,4,2,3,3,3,1,3,2,4,2,2,2,4,2,1,1,1,1,3,2,3,3,3,3,3,5,1,2,3,2,2,1,1,4,3,3,3,2,2,2,3,3,3,1,3,3,2,3,3,4,3,2,3,2,2,3,2,1,4,2,3,3,1,3,4,1,4,2,3,3,1,1,3,2,2,2,3,4,2,3,3,3,1,1,1,3,4,
member:125,2,2,3,1,4,4,3,2,1,3,2,3,4,3,3,3,3,3,1,2,3,3,3,1,1,3,4,1,1,1,2,3,1,1,2,2,2,2,4,1,2,1,2,2,2,1,3,3,3,3,2,4,3,1,3,2,2,2,2,1,2,2,3,2,3,3,2,1,3,2,1,3,1,2,3,2,2,3,2,3,1,2,2,2,1,2,3,2,2,2,3,2,3,2,2,2,2,1,3,3,
member:126,3,3,2,3,3,2,1,1,2,2,2,2,2,2,1,2,2,2,2,1,2,2,1,1,2,3,2,2,1,1,2,1,2,3,1,1,2,2,3,1,1,3,1,1,1,1,2,2,2,2,1,2,1,3,2,2,1,3,2,1,2,1,3,1,1,2,1,1,2,1,2,2,1,2,2,2,2,3,1,3,2,2,2,2,1,1,2,1,1,2,3,2,2,2,2,1,2,1,2,2,
member:127,3,3,4,3,5,3,2,3,2,4,4,4,2,4,2,4,4,4,1,3,2,4,3,2,2,5,3,1,1,2,1,3,2,3,3,3,4,4,5,1,3,3,3,3,2,1,4,3,4,4,3,2,3,3,4,3,2,3,4,2,4,3,5,3,2,4,3,3,3,3,1,4,3,4,4,1,4,5,2,5,2,4,3,1,2,3,3,2,3,3,5,3,4,4,4,2,1,1,4,4,
member:128,3,3,2,3,3,2,1,1,2,2,2,2,2,2,1,2,2,2,2,1,1,2,1,1,2,3,2,1,1,1,2,1,2,3,2,2,2,2,3,2,1,3,1,1,1,1,2,2,2,2,1,2,1,3,2,2,1,3,2,2,2,1,3,1,1,2,1,1,2,1,2,2,1,2,2,2,2,3,1,3,2,2,2,2,1,1,1,1,1,2,3,2,2,2,2,1,2,1,2,2,
member:129,2,1,3,1,3,3,2,1,2,1,1,2,3,2,2,2,2,2,2,1,3,2,3,1,1,2,3,2,2,2,2,2,2,2,1,1,2,1,3,2,2,2,1,2,2,2,2,3,2,1,2,3,2,2,1,1,2,1,1,2,1,1,2,2,2,1,1,1,2,2,2,2,1,1,2,3,1,2,2,2,2,1,1,2,2,2,3,1,2,2,2,1,2,1,1,2,2,2,1,2,
member:130,2,2,3,2,4,3,2,2,1,3,3,3,3,4,2,3,3,3,1,2,3,4,3,2,1,4,3,1,1,1,1,3,1,2,3,2,3,3,5,1,2,2,2,2,2,1,4,3,3,3,2,3,2,2,3,2,1,3,3,1,3,3,4,2,2,3,2,2,3,2,1,3,2,3,3,2,3,4,2,4,1,3,3,1,1,2,3,2,2,3,4,2,3,3,3,1,2,1,3,3,
member:131,4,4,1,4,2,1,1,2,3,3,2,2,1,3,1,1,1,1,2,2,1,3,1,3,3,2,1,2,2,2,3,1,3,4,3,3,2,3,3,3,1,4,2,2,2,2,2,1,1,2,2,1,1,4,3,3,2,4,3,3,2,2,2,1,1,3,2,2,1,2,2,2,2,2,1,3,2,2,2,2,3,3,3,3,2,2,1,2,2,2,2,3,2,3,2,2,3,3,3,3,
member:132,2,2,3,1,4,4,3,2,1,3,3,3,4,3,3,3,3,3,1,2,3,3,3,1,1,4,4,1,1,1,2,3,1,2,2,2,3,3,4,1,2,1,2,2,2,1,3,3,3,3,2,4,3,2,3,2,2,2,3,1,2,2,3,2,3,3,2,2,3,2,1,3,1,3,3,2,3,4,2,3,1,2,2,2,1,2,3,2,2,2,4,2,3,3,3,2,2,1,3,3,
member:133,3,3,1,3,1,2,3,2,3,2,1,1,2,2,3,1,1,1,4,2,3,2,2,3,3,1,2,4,3,3,4,2,3,3,2,2,1,2,1,3,2,3,2,2,3,3,1,2,1,1,2,2,2,3,2,2,3,3,2,3,1,2,1,2,2,2,2,2,1,2,4,1,2,1,1,4,1,1,3,1,3,3,2,4,3,2,2,3,2,1,1,2,1,2,1,3,4,3,2,2,
member:134,1,1,3,1,2,4,3,2,2,1,2,2,4,1,3,3,3,3,3,2,4,1,3,2,2,2,4,3,2,2,3,3,2,1,1,1,3,1,2,2,3,1,2,3,3,2,3,4,3,2,2,4,3,1,1,1,2,1,1,2,2,2,2,3,3,1,2,2,3,3,3,2,2,2,3,3,2,2,3,3,2,1,1,3,2,3,4,2,3,2,3,1,2,1,2,2,3,2,1,1,
member:135,2,1,3,1,3,3,3,1,1,2,2,2,4,2,2,3,3,3,2,1,3,2,3,1,1,3,4,1,1,1,2,3,1,2,1,1,2,2,3,1,2,1,1,2,2,1,2,3,2,2,2,4,3,1,2,1,2,2,2,1,2,1,3,2,3,2,2,1,3,2,2,2,1,2,3,2,2,3,2,3,1,2,1,2,1,2,3,2,2,2,3,1,2,2,2,2,2,1,2,2,
member:136,3,3,3,2,5,2,2,3,1,3,3,4,3,4,2,3,3,4,1,3,2,4,3,2,2,4,3,1,1,1,1,3,2,3,3,3,3,3,5,1,3,3,3,3,1,1,4,3,3,4,2,3,2,2,4,3,1,3,3,1,3,3,4,3,2,3,2,2,3,2,1,4,2,3,4,1,3,4,1,4,1,3,3,1,1,3,2,2,3,3,4,3,4,3,3,1,1,1,4,4,
member:137,2,1,3,1,2,3,2,1,2,1,1,1,3,1,2,3,2,2,3,1,3,1,3,2,2,2,3,3,3,2,3,2,2,2,1,1,2,1,2,3,2,2,1,2,2,3,2,3,2,1,2,3,3,2,1,1,2,1,1,2,1,1,2,2,2,1,1,1,2,2,3,1,1,1,3,3,1,2,2,2,2,1,1,3,2,2,3,2,2,2,2,1,2,1,1,2,3,3,1,1,
member:138,3,3,3,3,4,2,2,2,2,3,3,3,2,4,2,3,3,3,1,2,2,4,2,2,2,4,2,1,1,1,1,3,2,3,3,2,3,3,5,1,2,3,2,2,1,1,4,2,3,3,2,2,2,3,3,2,1,3,3,1,3,3,4,2,2,3,2,2,3,2,1,3,2,3,3,1,3,4,1,4,2,3,3,1,1,2,2,2,2,3,4,2,3,3,3,1,1,1,3,3,
member:139,1,1,3,1,3,4,3,2,1,2,2,2,4,3,3,3,3,3,2,2,3,3,3,1,1,3,4,2,2,2,2,3,1,1,2,1,2,2,4,1,3,1,2,2,3,2,3,3,3,2,2,4,3,1,2,1,2,2,2,1,2,2,3,3,3,2,2,2,3,2,2,2,2,2,3,2,2,3,3,3,1,2,2,2,2,2,3,2,2,2,3,1,2,2,2,2,2,1,2,2,
member:140,3,2,2,2,2,2,2,1,2,1,1,1,3,1,2,2,2,2,3,1,2,1,2,2,2,2,2,3,3,2,3,1,2,3,1,1,1,2,2,3,1,3,1,1,3,3,1,2,1,1,1,3,2,2,1,2,2,2,1,3,1,1,1,1,2,1,1,1,1,1,3,1,2,1,2,3,1,1,2,1,3,2,2,3,3,1,2,2,1,1,2,1,1,2,1,2,3,3,2,2,
member:141,1,1,3,1,3,4,3,2,1,2,2,2,4,2,3,3,3,3,2,2,3,2,3,1,1,3,4,2,2,2,2,3,1,1,1,1,2,2,3,2,3,1,2,2,3,2,3,3,3,2,2,4,3,1,2,1,2,1,2,2,2,2,2,3,3,2,2,2,3,2,2,2,2,2,3,2,2,3,3,2,2,1,1,2,2,2,3,2,2,2,3,1,2,2,2,2,2,2,2,2,
member:142,1,1,3,1,3,4,3,1,1,2,2,2,4,2,3,3,3,3,2,1,3,2,3,1,1,3,4,2,2,1,2,3,1,1,1,1,2,2,3,2,2,1,2,2,2,2,2,3,2,2,2,4,3,1,2,1,2,1,2,2,2,1,2,2,3,2,2,1,3,2,2,2,1,2,3,2,2,3,2,2,1,2,1,2,2,2,3,2,2,2,3,1,2,2,2,2,2,2,2,2,
member:143,4,4,1,4,2,1,2,2,3,3,2,2,2,3,2,1,1,1,3,2,2,3,1,3,3,2,1,3,3,2,3,1,3,4,3,3,2,3,2,3,1,4,2,2,3,3,1,1,1,2,2,2,2,4,3,3,2,4,3,3,2,2,2,1,2,3,2,2,1,2,3,2,2,2,1,3,2,2,2,2,3,3,3,3,3,2,1,2,2,2,2,3,2,3,2,2,3,3,3,3,
member:144,3,2,2,3,2,2,2,1,2,1,1,1,2,2,2,1,1,1,3,1,2,2,1,2,2,2,2,2,2,2,3,1,2,3,1,1,1,2,2,2,1,3,1,1,2,2,1,2,1,1,1,2,1,3,1,2,2,2,2,2,1,1,2,1,1,2,1,1,1,1,3,1,1,1,1,3,1,2,2,2,2,2,2,3,2,1,2,2,1,1,2,2,1,2,1,2,3,2,2,2,
member:145,3,3,1,3,1,2,2,2,3,2,1,1,2,2,2,1,1,1,3,2,2,2,2,2,3,1,2,3,3,3,4,1,3,3,2,2,1,2,2,3,2,3,2,2,3,3,1,1,1,1,2,2,2,3,2,2,3,3,2,3,1,2,1,1,2,2,2,2,1,2,3,1,2,1,1,4,1,1,3,1,3,3,2,4,3,1,2,2,2,1,1,2,1,2,1,3,3,3,2,2,
member:146,3,3,3,3,4,2,2,3,2,3,3,4,2,4,2,3,3,3,1,3,2,4,2,2,2,4,2,1,1,1,1,3,2,3,3,3,3,3,5,2,2,3,2,2,1,1,4,3,3,3,2,2,2,3,3,3,1,3,3,2,3,3,4,3,2,3,2,2,3,2,1,4,2,3,4,1,3,4,1,4,2,3,3,1,1,3,2,2,2,3,4,2,3,3,3,1,1,1,3,4,
member:147,4,4,1,4,3,1,1,2,3,3,2,2,1,3,1,1,1,2,2,2,1,3,1,2,3,3,1,2,2,2,2,1,3,4,3,3,1,3,3,3,1,4,2,2,2,2,2,1,2,2,2,1,1,4,3,3,2,4,3,3,2,2,2,1,1,3,2,2,1,2,2,2,2,2,2,2,2,2,1,2,3,3,3,2,2,1,1,2,2,2,3,3,2,3,2,2,2,2,3,3,
member:148,3,3,3,2,5,3,2,3,2,4,4,4,3,4,2,3,4,4,1,3,2,4,3,2,2,5,3,1,1,2,1,3,2,3,3,3,4,4,5,1,3,2,3,3,1,1,4,3,4,4,3,3,2,3,4,3,2,3,4,1,3,3,4,3,2,4,3,3,3,3,1,4,2,4,4,1,4,5,2,4,1,3,3,1,1,3,3,2,3,3,5,3,4,4,4,2,1,1,4,4,
member:149,3,3,1,3,3,1,1,2,2,2,2,2,2,2,1,1,1,2,2,2,1,2,1,2,2,2,2,2,2,2,2,1,2,4,2,2,1,2,3,2,1,3,2,1,2,2,2,1,1,2,1,2,1,3,2,3,1,3,2,2,2,2,2,1,1,2,1,2,1,1,2,2,2,1,2,3,1,2,1,2,2,3,3,2,2,1,1,1,1,1,2,2,2,3,1,2,2,2,2,2,
member:150,3,3,1,3,1,2,2,2,3,2,1,1,2,2,2,1,1,1,3,2,2,2,2,2,3,1,2,3,3,3,4,1,3,3,2,2,1,2,2,3,2,3,2,2,3,3,1,2,1,1,2,2,2,3,2,2,3,3,2,3,1,1,1,2,2,2,2,2,1,2,3,1,2,1,1,4,1,1,3,1,3,2,2,4,3,2,2,2,2,1,1,2,1,2,1,3,4,3,2,2,
member:151,2,2,3,2,4,3,2,2,1,3,3,3,3,3,2,3,3,3,1,2,3,3,3,1,1,4,3,1,1,1,1,2,1,2,2,2,3,3,4,1,2,2,2,2,2,1,3,3,3,3,2,3,2,2,3,2,1,3,3,1,3,2,4,2,2,3,2,2,3,2,1,3,2,3,3,2,3,4,2,4,1,3,2,2,1,2,3,1,2,3,4,2,3,3,3,1,2,1,3,3,
member:152,3,3,1,3,1,2,2,1,3,2,1,1,2,2,2,1,1,1,3,1,2,2,2,2,2,1,2,3,3,3,4,1,3,3,2,2,1,2,2,3,2,3,2,2,3,3,1,1,1,1,2,2,2,3,2,2,3,3,2,3,1,2,1,1,2,2,2,2,1,2,3,1,2,1,1,4,1,1,3,1,3,3,2,4,3,1,2,2,2,1,1,2,1,2,1,3,3,3,2,2,
member:153,2,2,2,3,1,3,3,2,3,1,1,1,3,1,3,2,2,2,4,2,3,1,2,3,3,1,3,4,4,3,4,2,3,2,2,2,1,1,1,4,2,3,2,2,4,4,1,2,1,1,2,3,3,2,1,2,3,2,1,4,2,2,1,2,3,1,3,2,2,2,4,1,3,2,2,4,2,1,3,1,4,2,2,4,4,2,3,3,2,2,1,2,1,1,1,4,4,4,1,1,
member:154,4,3,2,3,4,1,1,2,3,3,3,3,1,3,1,2,3,3,2,2,1,3,2,2,3,4,2,2,2,2,2,2,3,4,2,2,3,3,4,2,2,4,2,2,1,2,3,2,3,3,2,1,1,4,3,3,2,3,3,2,2,2,3,2,1,3,2,2,2,2,2,3,2,2,3,1,2,3,1,3,3,3,3,1,2,2,1,2,2,2,4,3,3,3,3,2,1,2,3,3,
member:155,2,2,2,2,2,3,2,1,2,1,1,1,3,1,2,2,2,2,3,1,2,1,2,2,2,2,3,3,3,2,3,2,2,2,1,1,1,1,2,2,1,2,1,1,2,3,1,2,1,1,1,3,2,2,1,2,2,2,1,2,1,1,2,1,2,1,1,1,2,1,3,1,1,1,2,3,1,2,2,2,2,2,1,3,2,1,2,2,1,1,2,1,1,1,1,2,3,3,1,1,
member:156,3,3,1,3,3,2,1,1,2,2,2,2,2,2,1,1,2,2,2,1,1,2,1,2,2,3,2,2,2,1,2,1,2,3,2,2,2,2,3,2,1,3,1,1,1,2,2,1,2,2,1,2,1,3,2,2,1,3,2,2,1,1,2,1,1,2,1,1,1,1,2,2,1,2,2,2,2,3,1,2,2,2,2,2,1,1,1,1,1,1,3,2,2,2,2,1,2,2,2,2,
member:157,2,1,3,2,2,3,3,1,3,1,1,1,3,1,2,3,2,2,3,1,3,1,3,2,2,2,3,3,3,3,3,2,3,2,1,1,2,1,2,3,2,2,2,2,3,3,2,3,2,1,2,3,3,2,1,1,3,1,1,3,1,1,2,2,2,1,2,2,2,2,3,1,2,1,3,4,2,1,3,2,3,1,1,3,3,2,3,2,2,2,2,1,2,1,1,3,3,3,1,1,
member:158,4,4,1,4,3,1,1,2,3,3,2,2,1,3,1,1,2,2,2,2,1,3,1,3,3,3,1,2,2,2,2,1,3,4,3,3,2,3,3,3,1,4,2,2,2,2,2,1,2,2,2,1,1,4,3,3,2,4,3,3,2,2,2,1,1,3,2,2,1,2,2,2,2,2,2,2,2,2,1,2,3,3,3,2,2,2,1,2,2,2,3,3,2,3,2,2,2,3,3,3,
member:159,3,2,2,2,3,2,2,1,1,2,2,2,2,2,1,2,2,2,2,1,2,2,2,1,1,3,2,2,2,1,2,1,2,3,1,1,2,2,3,1,1,3,1,1,1,2,2,2,2,2,1,2,2,2,2,2,1,2,2,1,2,1,3,1,1,2,1,1,1,1,2,2,1,2,2,2,2,3,1,3,1,2,2,2,1,1,2,1,1,1,3,1,2,2,2,1,2,2,2,2,
member:160,5,4,1,4,3,1,1,3,3,3,3,3,1,3,2,1,2,2,3,3,1,3,1,3,3,3,1,3,3,3,3,1,4,5,3,3,2,4,3,3,2,5,3,2,2,3,2,1,2,3,2,1,1,4,3,4,2,4,3,3,3,3,2,2,2,3,2,3,2,2,3,2,3,2,2,2,2,3,2,2,3,4,4,2,3,2,1,3,2,2,3,3,2,4,3,2,2,3,4,4,
member:161,1,1,4,1,3,4,4,2,2,2,2,2,5,2,4,4,4,4,2,2,4,2,4,2,2,3,5,2,2,2,2,4,2,1,2,2,3,2,3,2,3,1,2,3,3,2,3,4,3,2,3,5,4,1,2,1,3,1,2,2,2,2,3,3,4,2,3,2,4,3,2,3,2,3,4,3,3,3,3,3,2,1,1,3,2,3,4,3,3,3,3,2,3,1,2,3,3,2,2,2,
member:162,1,1,4,1,2,4,3,2,2,2,2,2,4,2,3,3,3,3,2,2,4,2,4,2,1,2,4,2,2,2,3,3,2,1,2,2,3,1,3,2,3,1,2,3,3,2,3,4,3,2,3,4,3,1,2,1,2,1,1,2,2,2,3,3,3,1,2,2,3,3,2,2,2,2,3,3,2,2,3,3,2,1,1,3,2,3,4,2,3,3,3,1,3,1,2,2,3,2,1,2,
member:163,1,1,3,1,3,4,3,1,1,2,2,2,4,2,3,3,3,3,2,1,3,2,3,1,1,3,4,1,1,1,2,3,1,1,1,1,2,2,3,1,2,1,2,2,2,1,3,3,2,2,2,4,3,1,2,1,2,2,2,1,2,2,3,2,3,2,2,1,3,2,1,2,1,2,3,2,2,3,2,3,1,2,1,2,2,2,3,2,2,2,3,1,2,2,2,2,2,1,2,2,
member:164,3,3,1,3,2,2,1,2,2,2,1,2,2,2,1,1,1,1,2,2,1,2,1,2,2,2,2,2,2,2,3,1,2,3,2,2,1,2,3,2,1,3,1,1,2,2,2,1,1,2,1,2,1,3,2,3,2,3,2,2,1,2,2,1,1,2,1,2,1,1,2,1,2,1,1,3,1,2,2,2,2,3,3,3,2,1,1,1,1,1,2,2,1,2,1,2,2,2,2,2,
member:165,2,3,3,2,5,3,2,3,1,3,3,4,3,4,2,3,3,4,1,3,2,4,3,2,2,4,3,1,1,1,1,3,1,2,3,3,3,3,5,1,2,2,2,3,1,1,4,3,3,3,2,3,2,2,4,3,1,3,3,1,3,3,4,3,2,3,2,2,3,2,1,4,2,3,4,1,3,4,2,4,1,3,3,1,1,3,2,2,2,3,4,3,4,3,3,1,1,1,3,4,
member:166,2,2,3,1,4,4,3,2,1,3,3,3,4,3,3,3,3,3,1,2,3,3,3,1,1,4,4,1,1,1,2,3,1,2,2,2,3,3,4,1,2,1,2,2,2,1,3,3,3,3,2,4,3,2,3,2,2,2,3,1,2,2,3,2,3,3,2,2,3,2,1,3,1,2,3,2,2,3,2,3,1,2,2,2,1,2,3,2,2,2,4,2,3,3,3,2,2,1,3,3,
member:167,3,2,2,3,3,2,1,1,2,2,2,2,2,2,1,1,2,2,2,1,2,2,1,1,2,3,2,2,2,1,2,1,2,3,1,1,2,2,3,2,1,3,1,1,2,2,2,2,2,2,1,2,1,3,2,2,1,2,2,2,1,1,2,1,1,2,1,1,1,1,2,2,1,1,2,2,1,2,1,2,2,2,2,2,2,1,2,1,1,1,3,2,2,2,2,1,2,2,2,2,
member:168,4,3,2,3,3,1,1,2,3,2,2,3,1,3,1,2,2,2,2,2,1,3,1,2,2,3,1,2,2,2,2,2,3,4,2,2,2,3,4,2,1,4,2,1,1,2,3,2,2,2,1,1,1,4,2,3,2,3,2,2,2,2,3,2,1,2,1,2,2,1,2,2,2,2,2,2,2,3,1,3,3,3,3,2,2,2,1,2,1,2,3,3,2,3,2,2,1,2,3,3,
member:169,4,3,3,3,4,2,1,2,2,3,3,3,2,3,1,3,3,3,2,2,1,3,2,2,2,4,2,2,2,2,2,2,2,4,2,2,3,3,4,2,2,3,2,2,1,2,3,2,3,3,2,2,2,3,3,3,1,3,3,2,3,2,4,2,2,3,2,2,3,2,2,3,2,3,3,1,3,4,1,4,2,3,3,1,2,2,2,1,2,3,4,2,3,3,3,1,1,2,3,3,
member:170,2,1,3,1,2,3,2,1,2,1,1,2,3,2,2,3,2,2,2,1,3,2,3,1,1,2,3,2,2,2,3,2,2,2,1,1,2,1,3,2,2,2,1,2,2,2,2,3,2,1,2,3,3,2,1,1,2,1,1,2,1,1,2,2,2,1,1,1,2,2,2,1,1,1,3,3,1,2,2,2,2,1,1,3,2,2,3,1,2,2,2,1,2,1,1,2,2,2,1,2,
member:171,3,2,2,2,3,2,2,1,1,2,2,2,3,2,1,2,2,2,2,1,2,2,2,1,1,3,2,2,2,1,2,1,2,3,1,1,2,2,3,2,1,3,1,1,1,2,2,2,2,2,1,3,2,2,2,2,1,2,2,1,1,1,2,1,1,2,1,1,1,1,2,2,1,2,2,2,2,3,1,2,1,2,2,2,1,1,2,1,1,1,3,1,2,2,2,1,2,2,2,2,
member:172,3,3,2,3,3,2,1,2,2,2,2,2,2,2,1,2,2,2,2,2,1,2,1,2,2,3,2,2,1,2,2,1,2,3,2,2,2,2,3,2,1,3,1,1,1,2,3,1,2,2,1,2,1,3,2,3,1,3,2,2,2,2,3,1,1,2,1,2,2,1,1,2,2,2,2,2,2,3,1,3,2,3,2,2,1,1,1,1,1,2,3,2,2,2,2,1,2,2,2,2,
member:173,1,1,4,1,3,4,3,2,1,2,2,2,4,2,3,4,3,3,2,2,4,2,4,2,1,3,4,2,2,2,2,3,1,1,2,2,3,2,3,2,3,1,2,3,3,2,3,4,3,2,3,4,4,1,2,1,2,1,2,2,2,2,3,3,3,2,2,2,3,3,2,2,2,2,3,3,2,3,3,3,1,2,1,3,2,3,4,2,3,3,3,1,3,2,2,2,3,2,2,2,
member:174,2,2,2,2,1,2,3,2,3,1,1,1,3,1,3,2,2,2,4,2,3,1,2,2,3,1,3,3,3,3,4,2,3,3,1,2,1,1,1,3,2,2,2,2,3,3,1,2,1,1,2,3,2,2,1,2,3,2,1,3,1,1,1,2,2,1,2,2,2,2,3,1,2,1,2,4,1,1,3,1,3,2,2,4,3,2,2,2,2,1,1,2,1,2,1,3,4,3,1,1,
member:175,4,3,2,3,4,1,1,2,3,2,2,3,1,3,1,2,2,2,2,2,1,3,2,2,3,3,1,2,2,2,2,2,3,4,2,2,2,3,4,2,1,4,2,2,1,2,3,2,2,2,1,1,1,4,2,3,2,3,2,2,2,2,3,2,1,2,2,2,2,1,2,3,2,2,3,2,2,3,1,3,3,3,3,1,2,2,1,2,1,2,3,3,3,3,2,2,1,2,3,3,
member:176,2,2,2,2,3,2,2,1,1,1,1,2,3,2,2,2,2,2,2,1,2,2,2,1,1,2,3,2,2,2,2,2,2,3,1,1,1,1,3,2,1,2,1,1,2,2,2,2,1,2,1,3,2,2,2,2,1,2,1,2,1,1,2,1,2,1,1,1,2,1,2,2,1,1,2,3,1,2,1,2,2,2,2,2,2,1,2,1,1,1,2,1,2,2,1,2,2,2,2,2,
member:177,2,2,3,2,2,3,3,2,3,1,1,1,4,1,2,3,3,3,3,1,3,1,3,2,2,2,4,3,3,3,4,3,3,2,1,1,2,1,2,3,2,2,2,2,3,3,2,3,2,1,2,4,3,2,1,1,3,1,1,3,1,1,2,2,3,1,2,2,3,2,3,2,2,2,3,4,2,2,3,2,3,1,1,4,3,2,3,2,2,2,2,2,2,1,1,3,3,3,1,1,
member:178,3,3,1,3,2,2,1,1,2,2,1,2,2,2,1,1,1,1,2,1,1,2,1,2,2,2,2,2,2,2,3,1,2,3,2,2,1,2,3,2,1,3,1,1,2,2,2,1,1,1,1,2,1,3,2,2,2,3,2,2,1,2,2,1,1,2,1,2,1,1,2,2,1,1,1,3,1,2,2,2,2,3,2,3,2,1,1,1,1,1,2,2,1,2,1,2,2,2,2,2,
member:179,2,1,3,1,2,3,3,1,2,1,1,1,4,2,2,3,3,3,2,1,3,2,3,1,2,2,3,2,2,2,3,3,2,2,1,1,2,1,3,2,2,2,1,2,2,2,2,3,2,1,2,4,3,1,1,1,2,1,1,2,1,1,2,2,2,1,2,1,2,2,2,2,1,2,3,3,2,2,2,2,2,1,1,3,2,2,3,1,2,2,2,1,2,1,1,2,2,2,1,1,
member:180,2,2,3,1,4,4,3,2,1,3,2,3,4,3,3,3,3,3,2,2,3,3,3,1,1,3,4,2,2,1,2,3,1,1,2,2,2,2,4,1,2,1,2,2,3,2,3,3,3,3,2,4,3,1,3,2,2,2,2,1,2,2,3,3,3,3,2,1,3,2,2,3,2,2,3,2,2,3,3,3,1,2,2,2,2,2,3,2,2,2,3,2,3,2,2,2,2,1,3,3,
member:181,4,4,1,4,3,1,1,3,3,3,2,2,1,3,1,1,1,2,2,3,1,3,1,3,3,3,1,3,2,3,2,1,3,4,3,3,2,3,3,3,2,4,2,2,2,3,2,1,2,3,2,1,1,4,3,4,2,4,3,3,2,3,2,2,1,3,2,3,1,2,2,2,3,2,2,2,2,2,1,2,3,4,3,2,2,2,1,2,2,2,3,3,2,3,2,2,2,3,3,3,
member:182,3,2,2,2,4,2,1,2,2,3,2,3,2,3,1,2,2,3,1,2,2,3,2,1,1,3,2,1,1,1,1,2,2,3,2,2,2,2,4,1,2,3,2,2,1,1,3,2,3,3,1,2,2,3,3,2,1,2,2,1,2,2,3,2,1,3,1,1,2,1,1,3,1,2,3,2,2,3,1,3,2,2,2,1,1,2,2,1,2,2,3,2,3,2,2,1,1,1,3,3,
member:183,2,2,2,2,2,3,2,1,2,1,1,2,3,2,2,2,2,2,2,1,2,2,2,1,1,2,3,2,2,2,3,2,2,2,1,1,1,1,3,2,1,2,1,1,2,2,2,2,2,1,1,3,2,2,1,1,2,2,1,2,1,1,2,2,2,1,1,1,2,1,2,2,1,1,2,3,1,2,2,2,2,1,1,3,2,1,2,1,1,1,2,1,1,1,1,2,2,2,1,2,
member:184,3,3,1,3,1,2,2,1,3,2,1,1,2,2,2,1,1,1,3,1,2,2,2,2,2,1,2,3,3,3,4,1,3,3,2,2,1,2,2,3,2,3,2,2,3,3,1,1,1,1,2,2,2,3,2,2,3,3,2,3,1,1,1,1,2,2,2,2,1,2,3,1,2,1,1,4,1,1,3,1,3,2,2,4,3,1,2,2,2,1,1,2,1,2,1,3,3,3,2,2,
member:185,1,1,4,1,3,4,3,2,2,2,2,2,4,2,3,3,3,3,2,2,4,2,4,2,1,2,4,2,2,2,2,3,2,1,2,2,3,1,3,2,3,1,2,3,3,2,3,4,3,2,3,4,3,1,2,1,2,1,1,2,2,2,3,3,3,1,2,2,3,3,2,2,2,2,3,3,2,2,3,3,2,1,1,2,2,3,4,2,3,3,3,1,3,1,2,2,3,2,1,2,
member:186,3,3,1,3,2,2,2,2,3,2,2,2,2,2,2,1,1,1,3,2,2,2,1,2,2,1,2,3,3,3,3,1,3,4,2,2,1,2,2,3,2,3,2,1,3,3,1,1,1,2,2,2,2,3,2,3,3,3,2,3,2,2,1,1,2,2,2,2,1,2,3,1,2,1,1,4,1,1,3,1,3,3,3,3,3,1,2,2,2,1,1,2,1,3,1,3,3,3,2,2,
member:187,2,2,3,2,4,3,2,2,1,3,3,3,3,3,2,2,3,3,1,2,3,3,2,1,1,4,3,1,1,1,1,2,1,2,2,2,3,3,4,1,2,2,2,2,2,1,3,3,3,3,2,3,2,2,3,2,1,2,3,1,2,2,3,2,2,3,2,2,2,2,1,3,1,2,3,1,3,4,2,3,1,2,2,1,1,2,3,1,2,2,4,2,3,3,3,1,2,1,3,3,
member:188,1,1,4,1,3,4,3,2,1,2,2,2,4,3,3,3,3,3,2,2,4,3,4,2,1,3,4,2,2,2,2,3,1,1,2,2,3,2,4,2,3,1,2,3,3,2,3,4,3,2,3,4,3,1,2,1,2,2,2,2,2,2,3,3,3,2,2,2,3,3,2,2,2,2,3,3,2,3,3,3,1,2,2,3,2,3,4,2,3,3,3,1,3,2,2,2,3,2,2,2,
member:189,4,3,1,3,2,1,2,2,2,2,2,2,2,2,2,1,1,1,3,2,2,2,1,2,2,2,2,3,3,2,3,1,2,4,2,2,1,2,2,3,1,3,2,1,2,3,1,1,1,2,1,2,1,3,2,3,2,3,2,2,2,2,1,1,2,2,1,2,1,1,3,1,2,1,1,3,1,2,2,1,2,3,3,3,2,1,1,2,1,1,2,2,1,3,2,2,3,3,2,2,
member:190,1,1,3,1,3,4,3,2,1,2,2,2,4,2,3,3,3,3,2,2,3,2,3,1,1,3,4,2,2,2,2,3,1,1,1,1,2,2,3,1,3,1,2,2,3,2,3,3,3,2,2,4,3,1,2,1,2,2,2,1,2,2,3,3,3,2,2,2,3,2,2,2,2,2,3,2,2,3,3,3,1,2,1,2,2,2,3,2,2,2,3,1,2,2,2,2,2,1,2,2,
member:191,4,3,2,3,3,1,1,2,3,2,2,3,1,3,1,2,2,2,2,2,1,3,1,2,3,3,1,2,2,2,2,2,3,4,2,2,2,3,4,2,1,4,2,1,1,2,3,2,2,2,1,1,1,4,2,3,2,3,2,2,2,2,3,2,1,3,2,2,2,1,2,2,2,2,2,2,2,3,1,3,3,3,3,2,2,2,1,2,1,2,3,3,2,3,2,2,1,2,3,3,
member:192,3,3,3,3,4,2,2,2,2,3,3,4,2,4,2,3,3,3,1,3,2,4,2,2,2,4,2,2,1,2,1,3,2,3,3,3,3,3,5,2,2,3,2,2,1,2,4,3,3,3,2,2,2,3,3,3,1,3,3,2,3,3,4,3,2,3,2,2,3,2,1,4,2,3,3,1,3,4,1,4,2,3,3,1,1,3,2,2,2,3,4,2,3,3,3,1,1,2,3,4,
member:193,4,4,1,4,3,1,1,2,3,3,2,2,1,3,1,1,2,2,2,2,1,3,1,2,3,3,1,2,2,2,2,1,3,4,3,3,2,3,3,3,1,4,2,2,2,2,2,1,2,2,2,1,1,4,3,3,2,4,3,3,2,2,2,1,1,3,2,2,1,2,2,2,2,2,2,2,2,3,1,2,3,3,3,2,2,1,1,2,2,2,3,3,2,3,2,2,2,2,3,3,
member:194,4,3,1,3,3,1,1,2,2,2,2,2,2,2,1,1,2,2,2,2,1,2,1,2,2,3,1,2,2,2,2,1,3,4,2,2,2,3,3,2,1,4,2,1,2,2,2,1,2,2,1,2,1,3,2,3,1,3,2,2,2,2,2,1,1,2,1,2,1,1,2,2,2,1,2,2,1,2,1,2,2,3,3,2,2,1,1,2,1,1,3,2,2,3,2,1,2,2,3,3,
member:195,2,1,3,1,2,3,2,1,2,1,1,1,3,2,2,3,2,2,2,1,3,2,3,1,2,2,3,2,2,2,3,2,2,2,1,1,2,1,3,2,2,2,1,2,2,2,2,3,2,1,2,3,3,2,1,1,2,1,1,2,1,1,2,2,2,1,1,1,2,2,2,1,1,1,2,3,1,2,2,2,2,1,1,3,2,2,3,1,2,2,2,1,2,1,1,2,2,2,1,1,
member:196,3,2,2,2,3,2,1,1,2,2,1,2,2,2,1,2,1,2,2,1,2,2,2,1,1,2,2,2,2,1,2,1,2,3,1,1,1,2,3,2,1,3,1,1,2,2,2,2,2,2,1,2,2,3,2,2,1,2,1,2,1,1,2,1,1,2,1,1,1,1,2,2,1,1,2,3,1,2,1,2,2,2,2,2,2,1,2,1,1,1,2,2,2,2,1,2,2,2,2,2,
member:197,4,3,1,3,1,2,2,2,3,2,2,2,2,2,2,1,1,1,3,2,2,2,2,2,3,1,2,3,3,3,4,1,3,4,2,2,1,2,2,3,2,3,2,2,3,3,1,2,1,2,2,2,2,3,2,3,3,3,2,3,2,2,1,2,2,2,2,2,1,2,3,1,2,1,1,4,1,1,3,1,3,3,3,4,3,2,2,2,2,1,1,2,1,3,2,3,4,3,2,2,
member:198,2,2,2,2,3,2,2,1,2,1,1,2,3,2,2,2,2,2,2,1,2,2,2,1,1,2,3,2,2,2,2,2,2,3,1,1,1,1,3,2,1,2,1,1,2,2,2,2,1,1,1,3,2,2,1,2,2,2,1,2,1,1,2,1,2,1,1,1,2,1,2,2,1,1,2,3,1,2,2,2,2,2,2,2,2,1,2,1,1,1,2,1,2,2,1,2,2,2,1,2,
member:199,3,2,2,2,2,2,2,1,2,1,1,1,2,2,2,2,1,1,3,1,2,1,2,1,2,2,2,2,2,2,3,1,2,3,1,1,1,2,2,2,1,3,1,1,2,2,2,2,1,1,1,2,2,3,1,2,2,2,1,2,1,1,2,1,1,1,1,1,1,1,2,1,1,1,1,3,1,2,2,2,2,2,2,3,2,1,2,1,1,1,2,2,1,2,1,2,3,2,2,2,
member:200,3,3,3,3,4,2,2,3,2,3,3,4,2,4,2,3,3,3,1,3,2,4,2,2,2,4,2,1,1,1,1,3,2,3,3,3,3,3,5,1,2,3,2,2,1,1,4,3,3,3,2,2,2,3,3,3,1,3,3,1,3,3,4,3,2,3,2,2,3,2,1,4,2,3,4,1,3,4,1,4,2,3,3,1,1,3,2,2,2,3,4,2,3,3,3,1,1,1,3,4,
member:201,4,3,1,3,3,1,1,2,3,2,2,2,1,3,1,1,2,2,2,2,1,2,1,2,3,3,1,2,2,2,2,1,3,4,2,2,2,3,3,2,1,4,2,1,2,2,2,1,2,2,1,1,1,4,2,3,2,3,2,2,2,2,2,1,1,2,2,2,1,1,2,2,2,2,2,2,2,3,1,2,3,3,3,2,2,1,1,2,1,1,3,3,2,3,2,2,2,2,3,3,
member:202,1,1,4,1,3,4,3,2,1,2,2,2,4,2,3,4,3,3,2,2,4,2,4,2,1,3,4,2,2,2,2,3,1,1,2,2,3,2,3,2,3,1,2,3,3,2,3,4,3,2,3,4,4,1,2,1,2,1,2,2,2,2,3,3,3,2,2,2,3,3,2,2,2,2,4,3,2,3,3,3,1,2,1,3,2,3,4,2,3,3,3,1,3,2,2,2,3,2,2,2,
member:203,2,2,2,2,3,3,2,1,1,2,2,2,3,2,2,2,2,2,2,1,3,2,2,1,1,3,3,2,2,1,2,2,1,2,1,1,2,2,3,2,2,2,1,2,2,2,2,3,2,2,2,3,2,2,2,1,1,2,2,1,1,1,2,2,2,2,1,1,2,2,2,2,1,2,2,2,2,3,2,2,1,2,1,2,1,2,3,1,2,1,3,1,2,2,2,1,2,2,2,2,
member:204,3,2,2,2,2,2,2,1,3,1,1,1,3,1,2,2,2,2,3,1,2,1,2,2,2,1,3,3,3,3,3,2,3,3,1,1,1,1,2,3,1,2,1,1,3,3,1,2,1,1,2,3,2,2,1,2,3,2,1,3,1,1,1,1,2,1,2,2,2,2,3,1,2,1,2,4,1,1,3,1,3,2,2,3,3,1,2,2,1,1,1,1,1,2,1,3,3,3,1,1,
member:205,2,2,2,2,1,3,2,1,3,1,1,1,3,1,2,2,2,2,3,1,2,1,2,2,2,1,3,3,3,3,4,2,3,2,1,1,1,1,2,3,2,2,2,1,3,3,2,2,2,1,2,3,2,2,1,1,3,2,1,3,1,1,1,2,2,1,2,2,2,2,3,1,2,1,2,4,1,1,3,1,3,1,1,4,3,1,2,2,2,1,1,2,1,1,1,3,3,3,1,1,
member:206,4,3,2,3,3,1,1,2,3,2,2,3,1,3,1,2,2,2,2,2,1,3,1,2,3,3,1,2,2,2,2,2,3,4,2,2,2,3,4,2,1,4,2,1,1,2,3,2,2,2,1,1,1,4,2,3,2,3,2,2,2,2,3,2,1,3,2,2,2,1,2,3,2,2,3,2,2,3,1,3,3,3,3,2,2,2,1,2,1,2,3,3,2,3,2,2,1,2,3,3,
member:207,1,1,3,2,2,4,3,1,2,1,2,2,4,1,3,3,3,3,3,1,3,1,3,2,2,2,4,3,3,2,3,3,2,1,1,1,2,1,2,3,2,2,2,2,3,3,2,3,3,1,2,4,3,2,1,1,2,1,1,3,2,1,2,2,3,1,2,1,3,2,3,2,2,2,3,4,2,2,3,2,3,1,1,3,3,2,3,2,2,2,2,1,2,1,2,3,3,3,1,1,
member:208,3,3,1,3,2,2,2,1,2,2,1,1,2,2,2,1,1,1,3,1,2,2,1,2,2,2,2,3,3,2,3,1,2,3,2,2,1,2,2,2,1,3,1,1,2,3,1,1,1,1,1,2,1,3,2,2,2,3,2,2,1,1,2,1,2,2,1,1,1,1,3,1,1,1,1,3,1,2,2,2,2,2,2,3,2,1,1,2,1,1,2,2,1,2,1,2,3,3,2,2,
member:209,2,2,2,2,4,2,2,2,1,2,2,3,3,3,2,2,2,2,1,2,2,3,2,1,1,3,3,1,1,1,1,2,1,3,2,2,2,2,4,1,1,2,1,2,1,1,3,2,2,2,1,3,2,2,2,2,1,2,2,1,2,2,3,2,2,2,1,1,2,1,1,3,1,2,3,2,2,3,1,3,1,2,2,1,1,2,2,1,1,2,3,1,3,2,2,1,1,1,2,3,
member:210,2,2,2,3,1,3,3,2,3,1,1,1,3,1,3,2,2,2,4,2,3,1,2,3,3,1,3,4,4,3,4,2,3,2,2,2,2,1,1,4,2,3,2,2,4,4,2,2,2,1,3,3,3,3,1,2,3,2,2,4,2,2,1,2,3,1,3,2,2,2,4,1,3,2,2,5,2,1,3,1,4,2,2,4,4,2,3,3,2,2,1,2,1,1,2,4,4,4,1,1,
member:211,4,3,2,3,3,1,1,2,2,2,2,3,2,3,1,2,2,2,2,2,1,3,1,2,2,3,1,2,2,2,2,2,3,4,2,2,2,3,4,2,1,4,2,1,1,2,3,2,2,2,1,2,1,3,2,3,1,3,2,2,2,2,3,2,1,2,1,2,2,1,2,3,2,2,3,2,2,3,1,3,2,3,3,2,2,2,1,2,1,2,3,2,2,3,2,1,1,2,3,3,
member:212,5,4,1,4,3,1,2,3,4,3,3,3,1,4,2,1,2,2,3,3,1,4,1,3,4,3,1,3,3,3,3,2,4,5,3,3,2,4,3,3,2,5,3,2,2,3,2,1,2,3,2,1,1,5,3,4,3,4,3,3,3,3,2,2,2,4,3,3,2,2,3,3,3,3,2,2,3,3,2,2,4,4,4,2,3,2,1,3,2,2,3,4,2,4,3,3,2,3,4,4,
member:213,4,4,2,4,4,1,1,2,3,3,2,3,1,3,1,2,2,3,2,2,1,3,2,2,3,3,2,2,2,2,2,2,3,4,2,2,2,3,4,2,2,4,2,2,1,2,3,2,3,3,1,1,1,4,3,3,2,4,3,2,2,2,3,2,1,3,2,2,2,1,2,3,2,2,3,2,2,3,1,3,3,3,3,2,2,2,1,2,2,2,3,3,3,3,2,2,1,2,3,3,
member:214,3,3,1,3,2,2,1,2,2,2,1,2,2,2,1,1,1,1,2,1,1,2,1,2,2,2,2,2,2,2,3,1,2,3,2,2,1,2,3,2,1,3,1,1,2,2,2,1,1,1,1,2,1,3,2,2,2,3,2,2,1,2,2,1,1,2,1,2,1,1,2,1,1,1,1,3,1,2,2,2,2,3,2,3,2,1,1,1,1,1,2,2,1,2,1,2,2,2,2,2,
member:215,2,2,2,2,1,3,3,2,3,1,1,1,3,1,3,2,2,2,4,2,3,1,2,3,3,1,3,3,3,3,4,2,3,2,2,2,1,1,1,3,2,2,2,2,3,3,1,2,1,1,2,3,2,2,1,2,3,2,1,3,1,1,1,2,2,1,2,2,2,2,4,1,2,1,2,4,1,1,3,1,3,2,2,4,3,2,2,3,2,1,1,2,1,1,1,3,4,3,1,1,
member:216,4,4,1,4,3,1,1,3,3,3,2,3,1,3,1,1,1,2,2,3,1,3,1,3,3,2,1,3,3,3,2,1,3,4,3,3,2,3,3,3,2,4,2,2,2,3,2,1,2,3,2,1,1,4,3,4,2,4,3,3,2,3,2,2,1,3,2,3,1,2,3,2,3,2,2,3,2,2,2,2,3,4,4,2,2,2,1,2,2,2,2,3,2,3,2,2,2,3,3,3,
member:217,2,2,2,2,3,3,2,1,1,2,2,2,3,2,2,2,2,2,2,1,2,2,2,1,1,3,3,1,1,1,2,2,1,2,1,1,2,2,3,1,1,2,1,1,1,1,3,2,2,2,1,3,2,2,2,2,1,2,2,1,2,2,3,1,2,2,1,1,2,1,1,2,1,2,2,2,2,3,1,3,1,2,1,2,1,1,2,1,1,2,3,1,2,2,2,1,2,1,2,2,
member:218,1,1,3,1,3,4,3,2,2,1,2,2,4,2,3,3,3,3,2,2,3,2,3,2,1,2,4,2,2,2,2,3,2,1,1,1,3,1,3,2,3,1,2,2,3,2,3,4,3,2,2,4,3,1,2,1,2,1,1,2,2,2,2,3,3,1,2,2,3,2,2,2,2,2,3,3,2,2,3,2,2,1,1,2,2,3,3,2,2,2,2,1,2,1,2,2,3,2,1,2,
member:219,3,3,2,3,3,2,1,2,2,2,2,3,2,3,1,2,2,2,1,2,1,3,1,2,2,3,2,2,1,2,2,2,2,3,2,2,2,2,4,2,1,3,1,1,1,2,3,2,2,2,1,2,1,3,2,3,1,3,2,2,2,2,3,2,1,2,1,2,2,1,1,3,2,2,2,2,2,3,1,3,2,3,2,2,1,2,1,1,1,2,3,2,2,2,2,1,1,2,2,3,
member:220,5,4,1,4,3,1,1,3,4,3,3,3,1,4,2,1,2,2,3,3,1,3,1,3,3,3,1,3,3,3,3,2,4,5,3,3,2,4,3,3,2,5,3,2,2,3,2,1,2,3,2,1,1,5,3,4,3,4,3,3,3,3,2,2,2,3,2,3,2,2,3,3,3,3,2,2,2,3,2,2,4,4,4,2,3,2,1,3,2,2,3,4,2,4,3,3,2,3,4,4,
member:221,3,2,2,2,4,2,2,2,1,3,3,3,3,3,1,2,3,3,1,2,2,3,2,1,1,4,2,1,1,1,1,2,2,3,2,2,3,3,4,1,2,3,2,2,1,1,3,2,3,3,2,3,2,2,3,2,1,2,3,1,2,2,3,2,1,3,2,2,2,2,1,3,1,3,3,1,3,4,1,3,1,3,2,1,1,2,2,1,2,2,4,2,3,3,3,1,1,1,3,3,
member:222,3,3,2,3,4,2,1,2,2,3,3,3,2,3,1,2,3,3,1,2,1,3,2,1,2,4,2,1,1,1,1,2,2,3,2,2,3,3,4,2,2,3,2,2,1,1,3,2,3,3,2,2,1,3,3,2,1,3,3,2,2,2,3,2,1,3,2,2,2,2,1,3,1,2,3,1,3,4,1,3,2,2,2,1,1,2,2,1,2,2,4,2,3,3,3,1,1,1,3,3,
member:223,2,2,3,2,1,3,3,2,3,1,1,1,3,1,3,2,2,2,4,2,3,1,3,2,3,1,3,3,3,3,4,2,3,2,1,2,2,1,1,3,2,2,2,2,3,3,2,3,2,1,2,3,2,2,1,2,3,1,1,3,1,1,2,2,2,1,2,2,2,2,3,1,2,1,2,4,1,1,3,2,3,1,1,4,3,2,3,2,2,2,2,2,2,1,1,3,4,3,1,1,
member:224,3,3,1,3,3,1,1,2,2,2,2,2,2,2,1,1,2,2,2,2,1,2,1,2,2,3,2,2,2,2,2,1,2,4,2,2,2,2,3,2,1,3,2,1,2,2,2,1,2,2,1,2,1,3,2,3,1,3,2,2,2,2,2,1,1,2,1,2,1,1,2,2,2,1,2,2,2,3,1,2,2,3,3,2,2,1,1,1,1,1,3,2,2,3,2,1,2,2,2,2,
member:225,3,2,2,2,1,2,2,2,3,1,1,1,3,1,2,2,2,2,3,2,2,1,2,2,3,1,2,3,3,3,4,2,3,3,1,1,1,2,2,3,2,3,2,2,3,3,1,2,1,1,2,3,2,2,1,2,3,2,1,3,1,1,1,1,2,1,2,2,1,2,3,1,2,1,2,4,1,1,3,1,3,2,2,4,3,1,2,2,2,1,1,2,1,2,1,3,3,3,2,1,
member:226,3,2,2,2,2,2,2,1,2,1,1,1,3,1,2,2,2,2,3,1,2,1,2,2,2,1,2,3,3,3,3,2,3,3,1,1,1,2,2,3,1,3,1,1,3,3,1,2,1,1,2,3,2,2,1,2,2,2,1,3,1,1,1,1,2,1,2,2,1,2,3,1,2,1,2,4,1,1,2,1,3,2,2,3,3,1,2,2,1,1,1,1,1,2,1,3,3,3,2,1,
member:227,2,2,2,2,1,3,2,2,3,1,1,1,3,1,2,2,2,2,3,1,3,1,2,2,2,1,3,3,3,3,4,2,3,2,1,1,2,1,2,3,2,2,2,2,3,3,2,3,2,1,2,3,2,2,1,1,3,2,1,3,1,1,1,2,2,1,2,2,2,2,3,1,2,1,2,4,1,1,3,2,3,1,1,4,3,2,3,2,2,1,2,2,1,1,1,3,3,3,1,1,
member:228,2,2,2,2,2,3,2,1,3,1,1,1,3,1,2,2,2,2,3,1,2,1,2,2,2,1,3,3,3,3,3,2,3,2,1,1,1,1,2,3,2,2,2,1,3,3,2,2,2,1,2,3,2,2,1,1,3,2,1,3,1,1,1,2,2,1,2,2,2,2,3,1,2,1,2,4,1,1,3,1,3,1,1,3,3,1,2,2,2,1,1,1,1,1,1,3,3,3,1,1,
member:229,3,3,2,3,3,2,1,2,2,2,2,3,2,3,1,2,2,2,1,2,2,3,1,1,2,3,2,1,1,1,2,2,2,3,2,2,2,2,4,1,1,3,1,1,1,1,3,2,2,2,1,2,1,3,2,2,1,3,2,1,2,2,3,2,1,2,1,1,2,1,1,3,1,2,3,2,2,3,1,3,2,2,2,2,1,2,2,1,1,2,3,2,2,2,2,1,1,1,2,3,
member:230,3,3,1,3,2,2,2,2,2,2,1,1,2,2,2,1,1,1,3,2,2,2,1,2,2,2,2,3,2,2,3,1,2,3,2,2,1,2,2,2,1,3,1,1,2,2,1,1,1,2,1,2,1,3,2,3,2,3,2,2,1,2,2,1,1,2,1,2,1,1,3,1,2,1,1,3,1,2,2,2,2,3,2,3,2,1,1,2,1,1,2,2,1,2,1,2,3,2,2,2,
member:231,4,4,1,4,3,1,1,3,3,3,2,3,1,3,1,1,2,2,2,3,1,3,1,3,3,3,1,3,3,3,2,1,3,4,3,3,2,3,3,3,2,4,2,2,2,3,2,1,2,3,2,1,1,4,3,4,2,4,3,3,2,3,2,2,1,3,2,3,1,2,3,2,3,2,2,2,2,3,2,2,3,4,4,2,2,2,1,2,2,2,3,3,2,3,2,2,2,3,3,3,
member:232,4,3,1,3,2,1,1,2,3,2,2,2,1,3,1,1,1,1,2,2,1,2,1,2,2,2,1,2,2,2,3,1,3,4,2,2,1,3,3,2,1,4,2,1,2,2,2,1,1,2,1,1,1,4,2,3,2,3,2,2,2,2,2,1,1,2,1,2,1,1,2,2,2,2,1,3,1,2,2,2,3,3,3,3,2,1,1,2,1,1,2,3,1,3,2,2,2,2,3,3,
member:233,2,1,3,2,2,3,2,1,2,1,1,1,3,1,2,2,2,2,3,1,3,1,2,2,2,2,3,3,3,2,3,2,2,2,1,1,2,1,2,3,2,2,1,2,3,3,2,3,2,1,2,3,2,2,1,1,2,1,1,3,1,1,1,2,2,1,1,1,2,2,3,1,2,1,2,3,1,2,2,2,3,1,1,3,3,2,3,2,2,2,2,1,2,1,1,2,3,3,1,1,
member:234,1,1,4,1,3,4,4,2,2,2,2,2,5,2,3,4,4,4,2,2,4,2,4,2,2,3,5,2,2,2,2,4,1,1,2,2,3,2,3,2,3,1,2,3,3,2,3,4,3,2,3,5,4,1,2,1,3,1,2,2,2,2,3,3,4,2,3,2,4,3,2,3,2,3,4,3,3,3,3,3,2,1,1,3,2,3,4,3,3,3,3,2,3,2,2,3,3,2,2,2,
member:235,3,3,1,3,2,2,2,1,2,2,1,1,2,2,2,1,1,1,3,1,2,2,1,2,2,2,2,3,3,2,3,1,2,3,1,1,1,2,2,3,1,3,1,1,3,3,1,2,1,1,1,2,2,3,1,2,2,3,2,3,1,1,1,1,2,2,1,1,1,1,3,1,2,1,1,3,1,2,2,1,3,2,2,3,3,1,2,2,1,1,2,2,1,2,1,2,3,3,2,2,
member:236,3,3,4,3,5,3,2,3,2,4,4,4,3,4,2,4,4,4,1,3,2,4,3,2,2,5,3,1,1,2,1,3,2,3,3,3,4,4,5,1,3,3,3,3,2,1,4,3,4,4,3,3,3,3,4,3,2,3,4,2,4,3,5,3,2,4,3,3,3,3,1,4,3,4,4,1,4,5,2,5,2,4,3,1,2,3,3,2,3,3,5,3,4,4,4,2,1,1,4,4,
member:237,3,2,2,2,3,2,1,1,2,2,2,2,2,2,1,2,2,2,2,1,2,2,2,1,1,3,2,2,2,1,2,1,2,3,1,1,2,2,3,2,1,3,1,1,2,2,2,2,2,2,1,2,2,3,2,2,1,2,2,2,1,1,2,1,1,2,1,1,1,1,2,2,1,2,2,2,2,3,1,2,2,2,2,2,2,1,2,1,1,1,3,2,2,2,2,1,2,2,2,2,
member:238,2,2,2,2,2,3,2,1,2,1,1,2,3,2,2,2,2,2,2,1,3,2,2,1,1,2,3,2,2,2,3,2,2,2,1,1,2,1,3,2,2,2,1,2,2,2,2,3,2,1,1,3,2,2,1,1,2,2,1,2,1,1,2,2,2,1,1,1,2,2,2,2,1,1,2,3,1,2,2,2,2,1,1,3,2,2,3,1,2,1,2,1,1,1,1,2,2,2,1,2,
member:239,1,1,3,1,2,4,3,1,2,1,1,1,4,1,3,3,3,3,3,1,3,1,3,2,2,2,4,2,2,2,3,3,2,1,1,1,2,1,2,2,2,1,1,2,2,2,2,3,2,1,2,4,3,1,1,1,2,1,1,2,1,1,2,2,3,1,2,1,3,2,3,2,1,2,3,3,2,2,2,2,2,1,1,3,2,2,3,2,2,2,2,1,2,1,2,2,3,2,1,1,
member:240,3,2,2,2,2,2,2,1,2,1,1,1,2,2,1,2,1,1,2,1,2,2,2,1,2,2,2,2,2,2,3,1,2,3,1,1,1,2,3,2,1,3,1,1,2,2,2,2,1,1,1,2,2,2,1,2,2,2,1,2,1,1,2,1,1,1,1,1,1,1,2,1,1,1,2,3,1,2,2,2,2,2,2,3,2,1,2,1,1,1,2,1,1,2,1,2,2,2,2,2,
member:241,4,3,3,3,4,2,1,2,2,3,3,3,2,3,1,3,3,3,2,2,1,3,2,2,2,4,2,2,2,2,2,2,3,4,2,2,3,3,4,2,2,4,2,2,1,2,4,2,3,3,2,2,2,3,3,3,1,3,3,2,3,3,4,2,2,3,2,2,3,2,2,3,2,3,3,1,3,4,1,4,2,3,3,1,2,2,2,1,2,3,4,2,3,3,3,1,1,2,3,3,
member:242,4,3,1,3,2,1,1,2,3,2,2,2,1,3,1,1,1,1,2,2,1,2,1,2,3,2,1,2,2,2,3,1,3,4,2,2,1,3,3,2,1,4,2,1,2,2,2,1,1,2,1,1,1,4,2,3,2,3,2,2,2,2,2,1,1,2,2,2,1,1,2,2,2,2,1,3,2,2,2,2,3,3,3,3,2,1,1,2,1,1,2,3,1,3,2,2,2,2,3,3,
member:243,3,3,1,3,1,2,2,2,3,2,1,1,2,2,2,1,1,1,3,1,2,2,2,2,2,1,2,3,3,3,4,1,3,3,2,2,1,2,2,3,2,3,2,2,3,3,1,1,1,1,2,2,2,3,2,2,3,3,2,3,1,2,1,1,2,2,2,2,1,2,3,1,2,1,1,4,1,1,3,1,3,3,2,4,3,1,2,2,2,1,1,2,1,2,1,3,3,3,2,2,
member:244,2,2,3,2,4,3,2,2,1,3,2,3,3,3,2,2,2,3,1,2,3,3,2,1,1,3,3,1,1,1,1,2,1,2,2,2,2,2,4,1,2,2,2,2,2,1,3,3,3,3,2,3,2,2,3,2,1,2,2,1,2,2,3,2,2,3,1,1,2,2,1,3,1,2,3,2,2,3,2,3,1,2,2,1,1,2,3,1,2,2,3,2,3,2,2,1,2,1,3,3,
member:245,1,1,3,1,3,4,3,1,2,1,2,2,4,2,3,3,3,3,2,1,3,2,3,1,1,2,4,2,2,2,2,3,2,1,1,1,2,1,3,2,2,1,2,2,2,2,2,3,2,1,2,4,3,1,1,1,2,1,1,2,2,1,2,2,3,1,2,1,3,2,2,2,1,2,3,3,2,2,2,2,2,1,1,2,2,2,3,2,2,2,2,1,2,1,2,2,2,2,1,2,
member:246,2,2,2,2,1,3,3,2,3,1,1,1,3,1,3,2,2,2,4,2,3,1,2,3,3,1,3,4,4,3,4,2,3,2,2,2,1,1,1,3,2,2,2,2,3,4,2,2,2,1,2,3,2,2,1,2,3,2,1,3,1,2,1,2,3,1,2,2,2,2,4,1,2,1,2,4,1,1,3,1,3,1,2,4,3,2,2,3,2,2,1,2,1,1,1,3,4,4,1,1,
member:247,1,2,3,1,4,4,3,2,1,2,2,3,4,3,3,3,3,3,2,2,3,3,3,1,1,3,4,2,2,1,2,3,1,1,2,2,2,2,4,1,2,1,2,2,2,1,3,3,3,3,2,4,3,1,3,2,2,2,2,1,2,2,3,2,3,2,2,1,3,2,2,3,2,2,3,2,2,3,3,3,1,2,2,2,2,2,3,2,2,2,3,2,3,2,2,2,2,1,3,3,
member:248,4,4,1,4,2,1,1,3,3,3,2,3,1,3,1,1,1,1,2,3,1,3,1,3,3,2,1,3,3,3,3,1,3,4,3,3,2,3,3,3,2,4,2,2,2,3,2,1,2,3,2,1,1,4,3,4,2,4,3,3,2,3,2,2,1,3,2,3,1,2,3,2,3,2,2,3,2,2,2,2,3,4,4,3,2,2,1,2,2,2,2,3,2,3,2,2,2,3,3,3,
member:249,4,4,1,4,2,1,1,2,3,3,2,2,1,3,1,1,1,1,2,2,1,3,1,2,3,2,1,2,2,2,3,1,3,4,3,3,1,3,3,3,1,4,2,1,2,2,2,1,1,2,2,1,1,4,3,3,2,4,3,3,2,2,2,1,1,3,2,2,1,1,2,2,2,2,1,3,2,2,2,2,3,3,3,3,2,1,1,2,1,2,2,3,2,3,2,2,3,2,3,3,
member:250,4,3,1,3,2,1,1,2,2,2,2,2,2,2,1,1,1,1,2,2,1,2,1,2,2,2,1,2,2,2,3,1,3,4,2,2,1,3,3,2,1,4,2,1,2,2,2,1,1,2,1,2,1,3,2,3,2,3,2,2,2,2,2,1,1,2,1,2,1,1,2,2,2,1,1,3,1,2,2,2,2,3,3,3,2,1,1,1,1,1,2,2,1,3,2,2,2,2,3,2,
member:251,2,1,3,1,2,3,3,1,2,1,1,1,4,1,2,3,3,3,3,1,3,1,3,2,2,2,3,3,3,2,3,3,2,2,1,1,2,1,2,3,2,2,1,2,2,3,2,3,2,1,2,4,3,1,1,1,2,1,1,3,1,1,2,2,2,1,2,1,2,2,3,2,2,2,3,3,2,2,2,2,2,1,1,3,3,2,3,2,2,2,2,1,2,1,1,2,3,3,1,1,
member:252,2,2,2,2,3,3,2,2,1,2,2,3,3,3,2,2,2,2,1,2,2,3,2,1,1,3,3,1,1,1,2,2,1,2,2,2,2,2,4,1,1,2,1,1,1,1,3,2,2,2,1,3,2,2,2,2,1,2,2,1,2,2,3,2,2,2,1,1,2,1,1,3,1,2,3,2,2,3,1,3,1,2,2,2,1,2,2,1,1,2,3,1,2,2,2,1,1,1,2,3,
member:253,3,2,2,2,2,2,2,1,2,1,1,1,2,2,2,2,1,1,3,1,2,1,2,2,2,2,2,3,3,2,3,1,2,3,1,1,1,2,2,3,1,3,1,1,2,3,1,2,1,1,1,2,2,3,1,2,2,2,1,2,1,1,1,1,2,1,1,1,1,1,3,1,1,1,2,3,1,2,2,1,2,2,2,3,2,1,2,2,1,1,2,2,1,2,1,2,3,3,2,2,
member:254,2,1,3,1,3,3,3,1,1,2,2,2,4,3,2,3,3,3,1,1,3,3,3,1,1,3,4,1,1,1,2,3,1,2,2,1,2,2,4,1,2,1,1,2,2,1,3,3,2,2,2,4,3,1,2,1,2,2,2,1,2,2,3,2,3,2,2,1,3,2,1,2,1,2,3,2,2,3,2,3,1,2,2,2,1,2,3,2,2,2,3,1,2,2,2,2,2,1,2,2,
member:255,2,2,2,2,4,3,2,2,1,2,2,3,3,3,2,2,2,3,1,2,2,3,2,1,1,3,3,1,1,1,1,2,1,2,2,2,2,2,4,1,2,2,2,2,1,1,3,2,2,3,1,3,2,2,3,2,1,2,2,1,2,2,3,2,2,2,1,1,2,1,1,3,1,2,3,2,2,3,1,3,1,2,2,1,1,2,2,1,2,2,3,2,3,2,2,1,1,1,3,3,
member:256,2,2,3,2,3,3,2,1,1,2,2,2,3,2,2,2,2,2,2,1,3,2,2,1,1,3,3,2,2,1,2,2,1,2,1,1,2,2,3,2,2,2,1,2,2,2,2,3,2,2,2,3,2,2,2,1,1,2,1,2,1,1,2,2,2,2,1,1,2,2,2,2,1,1,2,2,1,2,2,2,2,1,1,2,2,2,3,1,2,2,3,1,2,2,1,2,2,2,2,2,
member:257,2,2,2,2,3,3,2,1,1,2,2,2,3,2,2,2,2,2,2,1,2,2,2,1,1,3,3,2,1,1,2,2,1,2,1,1,2,2,3,1,2,2,1,1,2,1,2,2,2,2,1,3,2,2,2,1,1,2,2,1,2,1,3,2,2,2,1,1,2,1,2,2,1,2,2,2,2,3,2,3,1,2,1,2,1,1,2,1,1,2,3,1,2,2,2,1,2,1,2,2,
member:258,1,1,4,1,2,4,3,2,2,2,2,2,4,2,3,3,3,3,2,2,4,2,4,2,2,2,4,2,2,2,3,3,2,1,2,2,3,1,3,2,3,1,2,3,3,2,3,4,3,2,3,4,3,1,2,1,2,1,1,2,2,2,3,3,3,1,2,2,3,3,2,2,2,2,3,3,2,2,3,3,2,1,1,3,2,3,4,2,3,3,3,1,3,1,2,2,3,2,1,1,
member:259,1,1,3,1,3,4,3,1,2,1,2,2,4,2,3,3,3,3,2,2,3,2,3,1,1,2,4,2,2,2,2,3,2,1,1,1,2,1,3,2,2,1,2,2,2,2,3,3,3,2,2,4,3,1,1,1,2,1,1,2,2,1,2,2,3,1,2,1,3,2,2,2,2,2,3,3,2,2,3,2,2,1,1,2,2,2,3,2,2,2,2,1,2,1,2,2,2,2,1,2,
member:260,3,2,3,2,4,2,2,2,1,3,3,4,3,4,2,3,3,3,1,2,2,4,2,2,1,4,2,1,1,1,1,3,2,3,3,3,3,3,5,1,2,3,2,2,1,1,4,3,3,3,2,3,2,2,3,2,1,3,3,1,3,3,4,3,2,3,2,2,3,2,1,3,2,3,3,1,3,4,1,4,1,3,3,1,1,3,2,2,2,3,4,2,3,3,3,1,1,1,3,4,
member:261,1,1,4,1,3,4,3,2,1,2,2,2,4,2,3,4,3,3,2,2,4,2,4,2,1,3,4,2,2,2,2,3,1,1,2,2,3,2,3,2,3,1,2,3,3,2,3,4,3,2,3,4,4,1,2,1,2,1,2,2,2,2,3,3,3,2,2,2,3,3,2,2,2,2,3,3,2,2,3,3,2,1,1,3,2,3,4,2,3,3,3,1,3,2,2,2,3,2,2,2,
member:262,3,2,2,2,3,2,2,1,1,2,2,2,3,2,1,2,2,2,2,1,2,2,2,1,1,3,2,2,2,1,2,1,2,3,1,1,2,2,3,2,1,3,1,1,2,2,2,2,2,2,1,3,2,2,2,2,1,2,2,2,1,1,2,1,1,2,1,1,1,1,2,2,1,2,2,2,2,3,1,2,2,2,2,2,2,1,2,1,1,1,3,1,2,2,2,1,2,2,2,2,
member:263,3,3,2,3,3,2,1,1,2,2,2,3,2,3,1,2,2,2,1,2,1,3,1,1,2,3,2,1,1,1,2,2,2,3,2,2,2,2,4,2,1,3,1,1,1,1,3,2,2,2,1,2,1,3,2,2,1,3,2,2,2,2,3,2,1,2,1,1,2,1,1,3,1,2,2,2,2,3,1,3,2,2,2,2,1,2,1,1,1,2,3,2,2,2,2,1,1,1,2,3,
member:264,3,2,2,2,3,2,1,1,2,2,2,2,2,2,1,2,2,2,2,1,2,2,2,1,2,3,2,2,1,1,2,1,2,3,1,1,2,2,3,1,1,3,1,1,1,1,2,2,2,2,1,2,1,3,2,2,1,2,2,1,2,1,3,1,1,2,1,1,2,1,2,2,1,2,2,2,2,3,1,3,2,2,2,2,1,1,2,1,1,2,3,2,2,2,2,1,2,1,2,2,
member:265,1,1,3,1,2,4,3,1,2,1,2,2,4,2,3,3,3,3,2,1,3,2,3,1,1,2,4,2,2,2,3,3,2,1,1,1,2,1,3,2,2,1,2,2,2,2,2,3,2,1,2,4,3,1,1,1,2,1,1,2,2,1,2,2,3,1,2,1,3,2,2,2,1,2,3,3,2,2,2,2,2,1,1,3,2,2,3,2,2,2,2,1,2,1,2,2,2,2,1,2,
member:266,2,2,2,2,2,3,2,1,2,1,1,1,3,1,2,2,2,2,3,1,2,1,2,2,2,2,3,3,3,2,3,2,2,2,1,1,1,1,2,3,1,2,1,1,3,3,1,2,1,1,1,3,2,2,1,2,2,2,1,3,1,1,1,1,2,1,1,1,2,1,3,1,2,1,2,3,1,2,2,1,3,2,1,3,3,1,2,2,1,1,2,1,1,1,1,2,3,3,1,1,
member:267,2,2,2,2,2,3,2,1,3,1,1,1,3,1,2,2,2,2,3,1,3,1,2,2,2,1,3,3,3,3,3,2,3,2,1,1,2,1,2,3,2,2,1,2,3,3,2,3,2,1,2,3,2,2,1,1,3,2,1,3,1,1,1,2,2,1,2,2,2,2,3,1,2,1,2,4,1,1,3,2,3,1,1,3,3,2,3,2,2,1,2,1,1,1,1,3,3,3,1,1,
member:268,3,2,3,3,4,2,1,2,2,3,3,3,2,3,1,3,3,3,1,2,2,3,2,1,2,4,2,1,1,1,1,2,2,3,2,2,3,3,4,1,2,3,2,2,1,1,3,2,3,3,2,2,2,3,3,2,1,2,3,1,3,2,4,2,1,3,2,2,3,2,1,3,2,3,3,1,3,4,1,4,2,3,2,1,1,2,2,1,2,2,4,2,3,3,3,1,1,1,3,3,
member:269,2,1,3,1,3,3,3,1,1,2,2,2,4,2,2,3,3,3,2,1,3,2,3,1,1,3,3,2,2,1,2,2,1,2,1,1,2,2,3,2,2,2,1,2,2,2,2,3,2,2,2,4,3,1,2,1,2,1,2,1,1,1,2,2,2,2,2,1,2,2,2,2,1,2,3,2,2,3,2,2,1,2,1,2,1,2,3,1,2,2,3,1,2,2,2,1,2,2,2,2,
member:270,3,2,2,3,3,2,1,1,2,1,1,2,2,2,1,1,1,2,2,1,2,2,1,1,2,2,2,2,2,2,2,1,2,3,1,1,1,2,3,2,1,3,1,1,2,2,2,2,1,1,1,2,1,3,2,2,2,2,2,2,1,1,2,1,1,2,1,1,1,1,2,2,1,1,2,3,1,2,2,2,2,2,2,2,2,1,2,1,1,1,2,2,2,2,1,2,2,2,2,2,
member:271,4,3,2,3,4,1,1,2,3,2,2,3,1,3,1,2,2,3,2,2,1,3,2,2,2,3,2,2,2,2,2,2,3,4,2,2,2,3,4,2,1,4,2,2,1,2,3,2,2,2,1,1,1,4,3,3,2,3,2,2,2,2,3,2,1,2,1,2,2,1,2,3,2,2,3,2,2,3,1,3,3,3,3,1,2,2,1,2,1,2,3,3,3,3,2,2,1,2,3,3,
member:272,3,3,3,3,4,2,1,2,2,3,3,3,2,4,1,3,3,3,1,2,1,4,2,2,2,4,2,1,1,2,1,2,2,3,3,2,3,3,5,2,2,3,2,2,1,2,4,2,3,3,2,2,2,3,3,2,1,3,3,2,3,3,4,2,2,3,2,2,3,2,1,3,2,3,3,1,3,4,1,4,2,3,3,1,1,2,2,2,2,3,4,2,3,3,3,1,1,2,3,3,
member:273,1,1,3,1,3,4,3,2,1,2,2,2,4,2,3,3,3,3,2,2,4,2,3,2,1,3,4,2,2,2,2,3,1,1,1,1,3,2,3,2,3,1,2,3,3,2,3,4,3,2,2,4,3,1,2,1,2,1,1,2,2,2,2,3,3,2,2,2,3,3,2,2,2,2,3,2,2,2,3,3,2,1,1,2,2,3,4,2,3,2,3,1,2,2,2,2,3,2,2,2,
member:274,2,2,3,2,4,3,2,2,1,3,3,3,3,3,2,3,3,3,1,2,2,3,2,1,1,4,3,1,1,1,1,2,1,2,2,2,3,3,4,1,2,2,2,2,1,1,3,2,3,3,2,3,2,2,3,2,1,2,3,1,3,2,4,2,2,3,2,2,2,2,1,3,2,3,3,1,3,4,1,4,1,3,2,1,1,2,2,1,2,2,4,2,3,3,3,1,1,1,3,3,
member:275,3,3,2,3,1,3,3,2,3,2,1,1,3,2,3,2,1,1,4,2,3,2,2,3,3,1,2,4,4,3,4,2,3,3,2,2,1,2,1,4,2,3,2,2,4,4,1,2,1,1,2,3,3,3,2,2,3,3,2,4,2,2,1,2,3,2,3,2,2,2,4,1,3,2,1,4,2,1,3,1,4,2,2,4,4,2,3,3,2,2,1,2,1,2,1,4,4,4,2,2,
member:276,3,3,1,3,2,2,2,2,2,2,2,2,2,2,2,1,1,1,3,2,2,2,1,2,2,1,2,3,3,3,3,1,3,4,2,2,1,2,2,3,1,3,2,1,3,3,1,1,1,2,2,2,2,3,2,3,2,3,2,3,2,2,1,1,2,2,2,2,1,2,3,1,2,1,1,4,1,1,2,1,3,3,3,3,3,1,2,2,1,1,1,2,1,3,1,3,3,3,2,2,
member:277,4,4,1,4,3,1,1,2,3,2,2,2,1,3,1,1,1,2,2,2,1,3,1,2,3,3,1,2,2,2,2,1,3,4,2,2,1,3,3,2,1,4,2,1,2,2,2,1,2,2,1,1,1,4,2,3,2,4,3,2,2,2,2,1,1,3,2,2,1,1,2,2,2,2,2,2,2,2,1,2,3,3,3,2,2,1,1,2,1,1,3,3,2,3,2,2,2,2,3,3,
member:278,2,2,2,3,1,2,3,2,3,1,1,1,3,1,3,2,2,2,4,2,3,1,2,3,3,1,3,4,4,3,4,2,3,3,2,2,1,1,1,4,2,3,2,2,4,4,1,2,1,1,2,3,3,2,1,2,3,2,1,4,2,2,1,2,3,1,2,2,2,2,4,1,3,1,2,4,1,1,3,1,4,2,2,4,4,2,2,3,2,2,1,2,1,2,1,3,4,4,1,1,
member:279,3,2,2,2,3,2,2,1,1,2,2,3,3,3,1,2,2,2,1,1,2,3,2,1,1,3,2,1,1,1,2,2,2,3,2,2,2,2,4,1,1,3,1,1,1,1,3,2,2,2,1,3,2,2,2,2,1,2,2,1,2,2,3,2,1,2,1,1,2,1,1,2,1,2,2,2,2,3,1,3,1,2,2,2,1,2,2,1,1,2,3,1,2,2,2,1,1,1,2,3,
member:280,2,2,2,2,1,3,2,2,3,1,1,1,3,1,2,2,2,2,3,2,3,1,2,2,3,1,3,3,3,3,4,2,3,2,1,1,2,1,2,3,2,2,2,2,3,3,2,3,2,1,2,3,2,2,1,2,3,2,1,3,1,1,1,2,2,1,2,2,2,2,3,1,2,1,2,4,1,1,3,2,3,1,1,4,3,2,3,2,2,1,2,2,1,1,1,3,3,3,1,1,
member:281,1,1,4,1,3,4,3,2,2,2,2,2,4,2,3,4,3,3,2,2,4,2,4,2,1,2,4,2,2,2,2,3,2,1,2,2,3,1,3,2,3,1,2,3,3,2,3,4,3,2,3,4,4,1,2,1,2,1,2,2,2,2,3,3,3,2,2,2,3,3,2,2,2,2,4,3,2,2,3,3,2,1,1,3,2,3,4,2,3,3,3,1,3,1,2,2,3,2,1,2,
member:282,3,2,2,3,1,2,3,2,3,1,1,1,3,2,3,2,1,1,4,2,3,2,2,3,3,1,2,4,4,3,4,2,3,3,2,2,1,2,1,4,2,3,2,2,4,4,1,2,1,1,2,3,3,3,1,2,3,2,1,4,2,2,1,2,3,2,2,2,2,2,4,1,3,1,1,4,1,1,3,1,4,2,2,4,4,2,2,3,2,2,1,2,1,2,1,3,4,4,2,2,
member:283,3,3,3,2,5,3,2,3,2,4,4,4,3,4,2,3,4,4,1,3,2,4,3,2,2,5,3,1,1,2,1,3,2,3,3,3,4,4,5,1,3,2,3,3,1,1,4,3,4,4,3,3,2,3,4,3,2,3,4,1,3,3,4,3,2,4,2,3,3,3,1,4,2,3,4,1,3,4,2,4,1,3,3,1,1,3,2,2,3,3,5,3,4,4,4,1,1,1,4,4,
member:284,1,1,3,1,3,4,3,1,1,2,2,2,4,2,3,3,3,3,2,1,3,2,3,1,1,2,4,2,2,1,2,3,1,1,1,1,2,1,3,2,2,1,2,2,2,2,2,3,3,2,2,4,3,1,2,1,2,1,1,2,2,1,2,2,3,2,2,1,3,2,2,2,1,2,3,3,2,2,3,2,2,1,1,2,2,2,3,2,2,2,2,1,2,1,2,2,2,2,2,2,
member:285,2,2,3,1,4,3,3,2,1,3,3,3,3,3,2,3,3,3,1,2,3,3,3,1,1,4,3,1,1,1,1,2,1,2,2,2,3,3,4,1,2,2,2,2,2,1,3,3,3,3,2,3,3,2,3,2,1,2,3,1,2,2,3,2,2,3,2,2,2,2,1,3,1,2,3,2,3,4,2,3,1,2,2,2,1,2,3,1,2,2,4,2,3,3,3,1,2,1,3,3,
member:286,4,4,1,4,3,1,1,2,3,3,2,2,1,3,1,1,2,2,2,2,1,3,1,2,3,3,1,2,2,2,2,1,3,4,3,3,2,3,3,3,1,4,2,1,2,2,2,1,2,2,2,1,1,4,3,3,2,4,3,3,2,2,2,1,1,3,2,2,1,1,2,2,2,2,2,2,2,3,1,2,3,3,3,2,2,1,1,2,1,2,3,3,2,3,2,2,2,2,3,3,
member:287,4,4,1,4,2,1,2,2,3,3,2,2,1,3,2,1,1,1,3,2,2,3,1,2,3,2,1,3,3,2,3,1,3,4,3,3,1,3,2,3,1,4,2,1,2,3,1,1,1,2,2,2,1,4,3,3,2,4,3,3,2,2,2,1,2,3,2,2,1,1,3,2,2,2,1,3,2,2,2,2,3,3,3,3,2,1,1,2,1,2,2,3,2,3,2,2,3,3,3,3,
member:288,2,2,3,2,3,3,2,1,1,2,2,3,3,3,2,2,2,2,1,2,3,3,2,1,1,3,3,1,1,1,2,2,1,2,2,2,2,2,4,1,2,2,1,2,2,1,3,3,2,2,2,3,2,2,2,2,1,2,2,1,2,2,3,2,2,2,1,1,2,2,1,3,1,2,2,2,2,3,2,3,1,2,2,2,1,2,3,1,2,2,3,1,2,2,2,1,2,1,2,3,
member:289,1,1,3,1,2,4,3,2,2,1,2,2,4,2,3,3,3,3,2,2,4,2,3,2,1,2,4,2,2,2,3,3,2,1,1,1,3,1,3,2,3,1,2,3,3,2,3,4,3,2,2,4,3,1,1,1,2,1,1,2,2,2,2,3,3,1,2,2,3,3,2,2,2,2,3,3,2,2,3,3,2,1,1,3,2,3,4,2,3,2,3,1,2,1,2,2,3,2,1,2,
member:290,3,2,2,2,3,2,1,1,2,2,2,2,2,2,1,2,2,2,2,1,2,2,2,1,2,3,2,2,2,1,2,1,2,3,1,1,2,2,3,1,1,3,1,1,1,2,2,2,2,2,1,2,1,3,2,2,1,2,2,1,2,1,3,1,1,2,1,1,1,1,2,2,1,2,2,2,2,3,1,3,2,2,2,2,1,1,2,1,1,1,3,2,2,2,2,1,2,2,2,2,
member:291,4,3,2,3,3,1,1,2,2,2,2,2,1,3,1,2,2,2,2,2,1,3,1,2,2,3,1,2,2,2,2,2,3,4,2,2,2,3,4,2,1,4,2,1,1,2,3,1,2,2,1,1,1,3,2,3,1,3,2,2,2,2,3,1,1,2,1,2,2,1,2,2,2,2,2,2,2,3,1,3,2,3,3,2,2,1,1,2,1,2,3,2,2,3,2,2,1,2,3,3,
member:292,5,4,1,4,2,1,1,3,3,3,3,3,1,3,2,1,1,1,3,3,1,3,1,3,3,2,1,3,3,3,3,1,4,5,3,3,2,4,3,3,2,5,3,2,2,3,2,1,2,3,2,1,1,4,3,4,2,4,3,3,3,3,2,2,2,3,2,3,2,2,3,2,3,2,1,3,2,2,2,2,3,4,4,3,3,2,1,3,2,2,2,3,2,4,3,2,3,3,4,4,
member:293,3,2,3,2,4,2,1,2,2,3,3,3,2,3,1,3,3,3,1,2,2,3,2,1,2,4,2,1,1,1,1,2,2,3,2,2,3,3,4,1,2,3,2,2,1,1,3,2,3,3,2,2,2,3,3,2,1,3,3,1,3,2,4,2,1,3,2,2,3,2,1,3,2,3,3,1,3,4,1,4,2,3,2,1,1,2,2,1,2,3,4,2,3,3,3,1,1,1,3,3,
member:294,3,3,1,3,1,2,3,2,3,2,2,2,2,2,3,1,1,1,4,2,3,2,2,3,3,1,2,4,3,3,4,2,3,4,2,2,1,2,1,3,2,3,2,2,3,3,1,2,1,2,2,2,2,3,2,3,3,3,2,3,2,2,1,2,2,2,2,2,1,2,4,1,2,1,1,4,1,1,3,1,3,3,3,4,3,2,2,3,2,1,1,2,1,3,1,3,4,3,2,2,
member:295,3,3,2,3,3,2,1,2,2,2,2,2,2,3,1,2,2,2,1,2,1,3,1,2,2,3,2,2,2,2,2,1,2,3,2,2,2,2,4,2,1,3,1,1,1,2,3,1,2,2,1,2,1,3,2,3,1,3,2,2,2,2,3,1,1,2,1,2,2,1,2,2,2,2,2,2,2,3,1,3,2,3,3,2,1,1,1,1,1,2,3,2,2,2,2,1,2,2,2,2,
member:296,3,3,2,3,3,2,1,1,2,2,2,3,2,3,1,2,2,2,1,1,1,3,1,1,2,3,2,1,1,1,2,2,2,3,2,2,2,2,4,2,1,3,1,1,1,1,3,2,2,2,1,2,1,3,2,2,1,3,2,2,2,2,3,2,1,2,1,1,2,1,1,2,1,2,2,2,2,3,1,3,2,2,2,2,1,2,1,1,1,2,3,2,2,2,2,1,1,1,2,3,
member:297,4,3,2,3,4,1,1,2,2,3,2,3,2,3,1,2,2,3,2,2,1,3,2,2,2,3,2,2,2,2,2,2,3,4,2,2,2,3,4,2,2,4,2,2,1,2,3,2,3,3,1,2,1,3,3,3,1,3,2,2,2,2,3,2,1,3,1,2,2,1,2,3,2,2,3,2,2,3,1,3,2,3,3,1,2,2,1,2,2,2,3,2,3,3,2,1,1,2,3,3,
member:298,4,4,2,4,3,1,1,2,3,3,2,2,1,3,1,2,2,2,2,2,1,3,1,2,3,3,1,2,2,2,2,1,3,4,3,3,2,3,3,3,1,4,2,2,1,2,2,1,2,2,2,1,1,4,3,3,2,4,3,3,2,2,3,1,1,3,2,2,2,2,2,2,2,2,2,2,2,3,1,3,3,3,3,2,2,1,1,2,2,2,3,3,2,3,2,2,2,2,3,3,
member:299,3,2,2,3,1,2,3,2,3,1,1,1,3,1,3,2,1,1,4,2,3,1,2,3,3,1,2,4,4,3,4,2,3,3,2,2,1,2,1,4,2,3,2,2,4,4,1,2,1,1,2,3,3,2,1,2,3,2,1,4,2,2,1,2,3,1,2,2,2,2,4,1,3,1,2,4,1,1,3,1,4,2,2,4,4,2,2,3,2,2,1,2,1,2,1,3,4,4,2,2,
member:300,1,1,3,1,3,4,3,2,1,2,2,2,4,2,3,3,3,3,2,2,3,2,3,1,1,3,4,2,2,1,2,3,1,1,1,1,2,2,3,2,2,1,2,2,3,2,3,3,3,2,2,4,3,1,2,1,2,1,2,2,2,1,2,3,3,2,2,1,3,2,2,2,2,2,3,2,2,3,3,2,2,1,1,2,2,2,3,2,2,2,3,1,2,2,2,2,2,2,2,2,
member:301,2,2,3,2,4,3,2,2,1,3,3,4,3,4,2,3,3,3,1,2,2,4,2,2,1,4,3,1,1,1,1,3,1,2,3,3,3,3,5,1,2,2,2,2,2,1,4,3,3,3,2,3,2,2,3,2,1,3,3,1,3,3,4,3,2,3,2,2,3,2,1,3,2,3,3,1,3,4,2,4,1,3,3,1,1,3,2,2,2,3,4,2,3,3,3,1,1,1,3,4,
member:302,3,3,2,3,3,2,1,1,2,2,2,2,2,2,1,2,2,2,2,1,1,2,1,2,2,3,2,2,1,2,2,1,2,3,2,2,2,2,3,2,1,3,1,1,1,1,2,1,2,2,1,2,1,3,2,2,1,3,2,2,2,2,3,1,1,2,1,2,2,1,2,2,1,2,2,2,2,3,1,3,2,3,2,2,1,1,1,1,1,2,3,2,2,2,2,1,2,2,2,2,
member:303,1,1,3,1,3,4,3,2,1,1,2,2,4,2,3,3,3,3,2,2,3,2,3,1,1,2,4,2,2,2,2,3,2,1,1,1,2,1,3,2,3,1,2,2,3,2,3,3,3,2,2,4,3,1,2,1,2,1,1,2,2,2,2,3,3,1,2,2,3,2,2,2,2,2,3,3,2,2,3,2,2,1,1,2,2,2,3,2,2,2,2,1,2,1,2,2,2,2,2,2,
member:304,4,3,2,3,4,1,1,2,2,3,2,3,2,3,1,2,2,3,2,2,1,3,2,2,2,3,2,2,2,2,2,2,2,4,2,2,2,2,4,2,2,3,2,2,1,2,3,2,3,3,1,2,1,3,3,3,1,3,2,2,2,2,3,2,1,3,1,2,2,1,2,3,2,2,3,2,2,3,1,3,2,3,3,1,2,2,1,1,2,2,3,2,3,3,2,1,1,2,3,3,
member:305,3,2,2,2,3,2,1,1,2,2,2,3,2,3,1,2,2,2,1,2,2,3,2,1,2,3,2,1,1,1,2,2,2,3,2,2,2,2,4,1,1,3,1,1,1,1,3,2,2,2,1,2,2,3,2,2,1,2,2,1,2,2,3,2,1,2,1,1,2,1,1,3,1,2,2,2,2,3,1,3,2,2,2,2,1,2,2,1,1,2,3,2,2,2,2,1,1,1,2,3,
member:306,4,3,2,3,3,1,1,2,2,2,2,2,1,2,1,2,2,2,2,2,1,2,1,2,2,3,1,2,2,2,2,1,3,4,2,2,2,3,3,2,1,4,2,1,1,2,2,1,2,2,1,1,1,3,2,3,1,3,2,2,2,2,3,1,1,2,1,2,2,1,2,2,2,2,2,2,2,3,1,3,2,3,3,2,2,1,1,2,1,2,3,2,2,3,2,2,2,2,3,3,
member:307,2,2,3,2,4,3,2,3,1,3,3,4,3,4,2,3,3,3,1,3,2,4,2,2,2,4,3,1,1,1,1,3,1,2,3,3,3,3,5,1,2,2,2,2,2,1,4,3,3,3,2,3,2,2,3,3,1,3,3,1,3,3,4,3,2,3,2,2,3,2,1,4,2,3,4,1,3,4,2,4,1,3,3,1,1,3,2,2,2,3,4,2,3,3,3,1,1,1,3,4,
member:308,3,2,2,3,1,2,3,2,3,1,1,1,2,2,3,1,1,1,4,2,3,2,2,3,3,1,2,3,3,3,4,2,3,3,2,2,1,2,1,3,2,3,2,2,3,3,1,2,1,1,2,2,2,3,1,2,3,2,2,3,1,1,1,2,2,2,2,2,1,2,4,1,2,1,1,4,1,1,3,1,3,2,2,4,3,2,2,3,2,1,1,2,1,2,1,3,4,3,2,2,
member:309,2,1,3,1,2,3,3,1,2,1,1,2,4,2,2,3,3,3,2,1,3,2,3,1,1,2,3,2,2,2,3,2,2,2,1,1,2,1,3,2,2,2,1,2,2,2,2,3,2,1,2,4,3,1,1,1,2,1,1,2,1,1,2,2,2,1,2,1,2,2,2,2,1,2,3,3,2,2,2,2,2,1,1,3,2,2,3,1,2,2,2,1,2,1,1,2,2,2,1,2,
member:310,3,2,2,3,3,2,1,1,2,2,2,2,2,2,1,2,2,2,2,1,2,2,1,1,2,3,2,1,1,1,2,1,2,3,1,1,2,2,3,1,1,3,1,1,1,1,2,2,2,2,1,2,1,3,2,2,1,2,2,1,2,1,3,1,1,2,1,1,2,1,2,2,1,2,2,2,2,3,1,3,2,2,2,2,1,1,2,1,1,2,3,2,2,2,2,1,2,1,2,2,
member:311,4,3,1,3,2,2,2,2,3,2,2,2,2,3,2,1,1,1,3,2,2,3,1,2,3,2,1,3,3,2,3,1,3,4,2,2,1,3,2,3,1,4,2,1,3,3,1,1,1,2,1,2,2,4,2,3,2,3,2,3,2,2,1,1,2,3,2,2,1,1,3,2,2,2,1,3,2,2,2,1,3,3,3,3,3,1,1,2,1,1,2,3,1,3,2,2,3,3,3,3,
member:312,2,2,2,3,1,3,3,2,3,1,1,1,3,1,3,2,2,2,4,2,3,1,2,3,3,1,3,4,4,3,4,2,3,2,2,2,1,1,1,4,2,3,2,2,4,4,2,2,2,1,2,3,3,2,1,2,3,2,1,4,2,2,1,2,3,1,2,2,2,2,4,1,3,2,2,4,1,1,3,1,4,2,2,4,4,2,2,3,2,2,1,2,1,1,1,3,4,4,1,1,
member:313,2,2,2,2,2,3,2,1,3,1,1,1,3,1,2,2,2,2,3,1,2,1,2,2,2,1,3,3,3,3,3,2,3,2,1,1,2,1,2,3,2,2,1,1,3,3,2,3,2,1,2,3,2,2,1,1,3,2,1,3,1,1,1,2,2,1,2,2,2,2,3,1,2,1,2,4,1,1,3,1,3,1,1,3,3,2,2,2,1,1,1,1,1,1,1,3,3,3,1,1,
member:314,3,2,2,2,3,2,1,1,2,2,2,3,2,3,1,2,2,2,1,1,2,3,2,1,2,3,2,1,1,1,2,2,2,3,2,2,2,2,4,1,1,3,1,1,1,1,3,2,2,2,1,2,1,3,2,2,1,2,2,1,2,2,3,2,1,2,1,1,2,1,1,2,1,2,2,2,2,3,1,3,2,2,2,2,1,2,2,1,1,2,3,2,2,2,2,1,1,1,2,3,
member:315,3,2,2,2,4,2,2,2,1,3,3,3,2,3,1,2,3,3,1,2,2,3,2,1,1,4,2,1,1,1,1,2,2,3,2,2,3,3,4,1,2,3,2,2,1,1,3,2,3,3,2,2,2,2,3,2,1,2,3,1,2,2,3,2,1,3,2,2,2,2,1,3,1,2,3,1,3,4,1,3,1,2,2,1,1,2,2,1,2,2,4,2,3,3,3,1,1,1,3,3,
member:316,1,1,4,1,3,4,3,2,1,2,2,2,4,2,3,3,3,3,2,2,4,2,4,2,1,3,4,2,2,2,2,3,1,1,2,2,3,2,3,2,3,1,2,3,3,2,3,4,3,2,3,4,3,1,2,1,2,2,2,2,2,2,3,3,3,2,2,2,3,3,2,2,2,2,3,3,2,3,3,3,1,2,1,3,2,3,4,2,3,3,3,1,3,2,2,2,3,2,2,2,
member:317,3,3,1,3,2,2,2,1,2,2,1,1,2,2,2,1,1,1,3,1,2,2,1,2,2,2,2,3,3,2,3,1,2,3,2,2,1,2,2,3,1,3,1,1,3,3,1,1,1,1,1,2,2,3,2,2,2,3,2,3,1,2,1,1,2,2,1,2,1,1,3,1,2,1,1,3,1,2,2,1,3,3,2,3,3,1,1,2,1,1,2,2,1,2,1,2,3,3,2,2,
member:318,4,3,1,3,2,1,2,2,2,2,2,2,2,2,2,1,1,1,3,2,2,2,1,2,2,2,1,3,3,2,3,1,3,4,2,2,1,3,2,2,1,4,2,1,2,3,1,1,1,2,1,2,1,3,2,3,2,3,2,2,2,2,2,1,2,2,1,2,1,1,3,1,2,1,1,3,1,2,2,2,2,3,3,3,2,1,1,2,1,1,2,2,1,3,2,2,3,3,3,3,
member:319,3,2,2,2,3,2,2,2,1,2,2,3,3,3,1,2,2,2,1,2,2,3,2,1,1,3,3,1,1,1,2,2,1,3,2,2,2,2,4,1,1,2,1,1,1,1,3,2,2,2,1,3,2,2,2,2,1,2,2,1,2,2,3,2,2,2,1,1,2,1,1,3,1,2,3,2,2,3,1,3,1,2,2,2,1,2,2,1,1,2,3,1,2,2,2,1,1,1,2,3,
member:320,2,2,2,2,1,3,3,2,3,1,1,1,3,1,3,2,2,2,4,2,3,1,2,3,3,1,3,4,4,3,4,2,3,2,2,2,2,1,1,3,2,2,2,2,3,4,2,3,2,1,2,3,2,2,1,2,3,2,1,3,1,2,1,2,3,1,2,2,2,2,4,1,2,1,2,4,1,1,3,2,3,1,2,4,3,2,3,3,2,1,2,2,1,1,1,3,4,4,1,1,
member:321,4,4,2,4,3,1,1,3,3,3,2,2,1,3,1,2,2,2,2,3,1,3,1,3,3,3,1,3,2,3,2,2,3,4,3,3,2,3,4,3,2,4,2,2,2,3,3,1,2,3,2,1,1,4,3,4,2,4,3,3,2,3,3,2,1,3,2,3,2,2,2,2,3,2,2,2,2,3,1,3,3,4,3,2,2,2,1,2,2,2,3,3,2,3,2,2,2,3,3,3,
member:322,2,2,2,2,3,3,2,1,1,2,2,3,3,3,2,2,2,2,1,1,2,3,2,1,1,3,3,1,1,1,2,2,1,2,2,2,2,2,4,1,2,2,1,1,2,1,3,3,2,2,1,3,2,2,2,1,1,2,2,1,2,2,3,2,2,2,1,1,2,1,1,2,1,2,2,2,2,3,2,3,1,2,2,2,1,2,2,1,1,2,3,1,2,2,2,1,2,1,2,3,
member:323,2,2,2,3,1,3,3,2,3,1,1,1,3,1,3,2,2,2,4,2,3,1,2,3,3,1,3,4,4,3,4,2,3,2,2,2,1,1,1,4,2,2,2,2,4,4,2,2,2,1,2,3,3,2,1,2,3,2,1,4,2,2,1,2,3,1,2,2,2,2,4,1,3,1,2,4,1,1,3,1,4,1,2,4,4,2,2,3,2,2,1,2,1,1,1,3,4,4,1,1,
member:324,4,4,2,4,3,1,1,3,3,3,2,3,1,3,1,2,2,2,2,3,1,3,1,3,3,3,1,3,3,3,2,2,3,4,3,3,2,3,4,3,2,4,2,2,2,3,3,2,2,3,2,1,1,4,3,4,2,4,3,3,2,3,3,2,1,3,2,3,2,2,3,2,3,2,2,2,2,3,2,3,3,4,4,2,2,2,1,2,2,2,3,3,2,3,2,2,2,3,3,3,
member:325,3,2,2,2,2,2,2,1,2,1,1,1,3,1,2,2,2,2,3,1,2,1,2,2,2,2,2,3,3,2,3,2,2,3,1,1,1,2,2,3,1,3,1,1,3,3,1,2,1,1,1,3,2,2,1,2,2,2,1,3,1,1,1,1,2,1,1,1,1,1,3,1,2,1,2,3,1,2,2,1,3,2,2,3,3,1,2,2,1,1,2,1,1,2,1,2,3,3,2,1,
member:326,3,3,1,3,2,2,2,1,2,2,1,1,2,2,2,1,1,1,3,1,2,2,1,2,2,2,2,3,3,2,3,1,2,3,1,1,1,2,2,3,1,3,1,1,3,3,1,2,1,1,1,2,2,3,1,2,2,3,2,3,1,1,1,1,2,2,2,1,1,1,3,1,2,1,1,3,1,1,2,1,3,2,2,3,3,1,2,2,1,1,2,2,1,2,1,3,3,3,2,2,
member:327,3,3,1,3,1,2,3,2,3,2,1,1,2,2,3,1,1,1,4,2,3,2,2,2,3,1,2,3,3,3,4,2,3,3,2,2,1,2,1,3,2,3,2,2,3,3,1,2,1,2,2,2,2,3,2,3,3,3,2,3,1,2,1,2,2,2,2,2,1,2,3,1,2,1,1,4,1,1,3,1,3,3,2,4,3,2,2,2,2,1,1,2,1,2,1,3,4,3,2,2,
member:328,2,2,2,2,1,3,3,2,3,1,1,1,3,1,3,2,2,2,4,2,3,1,2,3,3,1,3,4,4,3,4,2,3,2,2,2,1,1,1,3,2,2,2,2,3,4,2,2,2,1,2,3,2,2,1,2,3,2,1,3,1,2,1,2,3,1,2,2,2,2,4,1,2,1,2,4,1,1,3,1,3,2,2,4,3,2,2,3,2,2,1,2,1,1,1,3,4,4,1,1,
member:329,3,3,2,3,4,2,1,2,2,2,2,3,2,3,1,2,2,2,1,2,1,3,2,2,2,3,2,1,1,2,1,2,2,3,2,2,2,2,4,2,1,3,1,2,1,1,3,2,2,2,1,2,1,3,2,2,1,3,2,2,2,2,3,2,1,2,1,2,2,1,1,3,1,2,3,2,2,3,1,3,2,3,2,1,1,2,1,1,1,2,3,2,3,2,2,1,1,2,2,3,
member:330,2,2,2,2,2,2,2,1,2,1,1,1,3,1,2,2,2,2,3,1,2,1,2,2,2,2,3,3,2,2,3,2,2,3,1,1,1,1,2,2,1,2,1,1,2,2,1,2,1,1,1,3,2,2,1,2,2,2,1,2,1,1,2,1,2,1,1,1,2,1,3,1,1,1,2,3,1,2,2,2,2,2,2,3,2,1,2,2,1,1,2,1,1,2,1,2,3,2,1,1,
member:331,5,4,1,4,2,1,2,3,3,3,3,3,1,3,2,1,1,1,3,3,2,3,1,3,3,2,1,3,3,3,3,1,4,5,3,3,2,4,2,3,2,5,3,2,2,3,2,1,2,3,2,1,1,4,3,4,2,4,3,3,3,3,2,2,1,3,2,3,1,2,3,2,3,2,1,3,2,2,2,2,3,4,4,3,3,2,1,2,2,2,2,3,2,4,3,2,3,3,4,3,
member:332,3,3,2,3,2,2,2,1,2,1,1,1,2,2,2,1,1,1,3,1,2,2,1,1,2,2,2,2,2,2,3,1,2,3,1,1,1,2,2,2,1,3,1,1,2,2,2,2,1,1,1,2,1,3,1,2,2,3,2,2,1,1,2,1,1,2,1,1,1,1,2,1,1,1,1,3,1,2,2,2,2,2,2,3,2,1,2,1,1,1,2,2,1,2,1,2,3,2,2,2,
member:333,4,3,2,3,4,1,1,2,2,3,3,3,1,3,1,2,2,3,2,2,1,3,2,2,2,4,2,2,2,2,2,2,3,4,2,2,2,3,4,2,2,4,2,2,1,2,3,2,3,3,1,1,1,3,3,3,1,3,2,2,2,2,3,2,1,3,1,2,2,2,2,3,2,2,3,1,2,3,1,3,2,3,3,1,2,2,1,2,2,2,4,2,3,3,2,2,1,2,3,3,
member:334,1,1,4,1,3,5,4,3,2,2,3,3,5,2,4,4,4,4,3,3,4,2,4,2,2,3,5,3,3,2,3,4,2,1,2,2,3,2,3,2,3,1,3,3,4,3,4,4,4,3,3,5,4,1,2,2,3,1,2,2,3,2,3,4,4,2,3,2,4,3,3,3,3,3,4,3,3,3,4,3,2,1,2,3,3,3,4,3,3,3,3,2,3,2,3,3,3,2,2,2,
member:335,2,2,2,2,2,3,2,1,2,1,1,1,3,1,2,2,2,2,3,1,2,1,2,2,2,2,3,3,3,2,3,2,2,2,1,1,2,1,2,3,2,2,1,1,3,3,2,3,2,1,1,3,2,2,1,1,2,2,1,3,1,1,1,2,2,1,1,1,2,1,3,1,2,1,2,3,1,2,2,1,3,1,1,3,3,2,2,2,1,1,2,1,1,1,1,2,3,3,1,1,
member:336,3,3,2,3,4,1,1,2,2,2,2,3,2,3,1,2,2,3,2,2,1,3,2,2,2,3,2,2,2,2,1,2,2,4,2,2,2,2,4,2,2,3,2,2,1,2,3,2,2,3,1,2,1,3,3,3,1,3,2,2,2,2,3,2,1,2,1,2,2,1,2,3,2,2,3,2,2,3,1,3,2,3,3,1,2,2,1,1,2,2,3,2,3,3,2,1,1,2,3,3,
member:337,1,1,3,1,2,4,3,1,2,1,1,1,4,1,3,3,3,3,3,1,3,1,3,2,2,2,4,3,3,2,3,3,2,1,1,1,2,1,2,3,2,1,1,2,2,3,2,3,2,1,2,4,3,1,1,1,2,1,1,2,1,1,2,2,3,1,2,1,3,2,3,2,1,2,3,3,2,2,2,2,2,1,1,3,2,2,3,2,2,2,2,1,2,1,2,2,3,3,1,1,
member:338,3,3,2,3,1,3,3,2,3,2,1,1,3,2,3,2,1,1,4,2,3,2,2,3,3,1,2,4,4,3,4,2,3,3,2,2,1,2,1,4,2,3,2,2,4,4,1,2,1,1,2,3,3,3,2,2,3,3,2,4,2,2,1,2,3,2,2,2,2,2,4,1,3,2,1,4,1,1,3,1,4,2,2,4,4,2,2,3,2,2,1,2,1,2,1,3,4,4,2,2,
member:339,3,2,2,2,1,2,3,2,3,1,1,1,3,1,3,2,2,2,4,2,3,1,2,3,3,1,2,4,4,3,4,2,3,3,2,2,1,2,1,4,2,3,2,2,3,4,1,2,1,1,2,3,2,2,1,2,3,2,1,3,1,2,1,2,3,1,2,2,2,2,4,1,2,1,2,4,1,1,3,1,3,2,2,4,3,2,2,3,2,2,1,2,1,2,1,3,4,4,2,2,
member:340,3,2,2,2,3,2,2,1,1,2,2,2,3,2,1,2,2,2,2,1,2,2,2,1,1,3,3,2,2,1,2,2,1,3,1,1,2,2,3,1,1,2,1,1,1,2,2,2,2,2,1,3,2,2,2,2,1,2,2,1,2,1,3,1,2,2,1,1,2,1,2,2,1,2,2,2,2,3,1,3,1,2,2,2,1,1,2,1,1,1,3,1,2,2,2,1,2,2,2,2,
member:341,3,3,2,3,1,3,3,3,4,2,2,1,3,1,3,2,2,2,4,3,3,1,3,3,4,1,3,4,4,4,5,2,4,3,2,2,2,2,1,4,3,3,3,3,4,4,1,2,2,2,3,3,3,3,2,3,4,2,2,4,2,2,1,2,3,2,3,3,2,3,4,2,3,2,2,5,2,1,4,1,4,2,2,5,4,2,3,3,3,2,1,3,2,2,2,4,4,4,2,2,
member:342,2,2,3,2,4,3,2,2,1,3,3,3,3,3,2,3,3,3,1,2,3,3,3,1,1,4,3,1,1,1,1,2,1,2,2,2,3,3,4,1,2,2,2,2,2,1,3,3,3,3,2,3,2,2,3,2,1,2,3,1,3,2,4,2,2,3,2,2,2,2,1,3,2,3,3,2,3,4,2,4,1,3,2,1,1,2,3,1,2,2,4,2,3,3,3,1,2,1,3,3,
member:343,1,1,4,1,3,4,3,2,2,2,2,2,4,2,3,4,3,3,2,2,4,2,4,2,1,2,4,2,2,2,2,3,2,1,2,2,3,1,3,2,3,1,2,3,3,2,3,4,3,2,3,4,4,1,2,1,2,1,2,2,2,2,3,3,3,1,2,2,3,3,2,2,2,2,3,3,2,2,3,3,2,1,1,3,2,3,4,2,3,3,3,1,3,1,2,2,3,2,1,2,
member:344,4,3,1,3,3,1,1,2,3,2,2,2,1,3,1,1,1,1,2,2,1,3,1,2,3,2,1,2,2,2,2,1,3,4,2,2,1,3,3,2,1,4,2,1,2,2,2,1,1,2,1,1,1,4,2,3,2,3,2,2,2,2,2,1,1,3,2,2,1,1,2,2,2,2,2,3,2,2,2,2,3,3,3,2,2,1,1,2,1,1,2,3,2,3,2,2,2,2,3,3,
member:345,2,2,2,2,2,3,2,1,2,1,1,1,3,1,2,2,2,2,3,1,2,1,2,2,2,1,3,3,3,2,3,2,2,2,1,1,2,1,2,3,2,2,1,1,3,3,2,3,2,1,2,3,2,2,1,1,2,2,1,3,1,1,1,2,2,1,2,1,2,1,3,1,2,1,2,4,1,1,2,1,3,1,1,3,3,2,2,2,1,1,1,1,1,1,1,3,3,3,1,1,
member:346,2,2,2,2,3,3,2,2,1,2,2,3,3,3,2,2,2,2,1,2,2,3,2,1,1,3,3,1,1,1,2,2,1,2,2,2,2,2,4,1,1,2,1,1,1,1,3,2,2,2,1,3,2,2,2,2,1,2,2,1,2,2,3,2,2,2,1,1,2,1,1,3,1,2,3,2,2,3,2,3,1,2,2,2,1,2,2,1,1,2,3,1,2,2,2,1,1,1,2,3,
member:347,3,3,2,3,1,3,3,2,4,2,2,1,3,1,3,2,2,2,4,2,3,1,3,3,3,1,3,4,4,4,5,2,4,3,2,2,2,2,1,4,3,3,3,3,4,4,1,2,2,2,3,3,3,3,2,2,4,2,2,4,2,2,1,2,3,2,3,3,2,3,4,1,3,2,2,5,2,1,4,1,4,2,2,5,4,2,3,3,3,2,1,3,2,2,2,4,4,4,2,2,
member:348,1,1,3,1,2,3,3,1,2,1,1,1,4,1,3,3,3,3,3,1,3,1,3,2,2,2,4,3,2,2,3,3,2,2,1,1,2,1,2,2,2,1,1,2,2,2,2,3,2,1,2,4,3,1,1,1,2,1,1,2,1,1,2,2,3,1,2,1,3,2,3,2,1,2,3,3,2,2,2,2,2,1,1,3,2,2,3,2,2,2,2,1,2,1,1,2,3,2,1,1,
member:349,5,4,1,5,3,1,2,3,4,3,3,3,1,4,2,2,2,2,3,3,1,4,1,3,4,3,1,3,3,3,3,2,4,5,3,3,2,4,3,3,2,5,3,2,2,3,2,1,2,3,2,1,2,5,3,4,3,4,4,3,3,3,2,2,2,4,3,3,2,2,3,3,3,3,2,3,3,3,2,2,4,4,4,3,3,2,1,3,2,2,2,4,2,4,3,3,2,3,4,4,
member:350,2,1,3,1,3,3,3,1,1,1,1,2,3,2,2,3,2,2,2,1,3,2,3,1,1,2,3,2,2,2,2,2,2,2,1,1,2,1,3,2,2,2,1,2,2,2,2,3,2,2,2,3,3,1,2,1,1,1,1,2,1,1,2,2,2,1,2,1,2,2,2,2,1,1,3,3,2,2,2,2,2,1,1,2,2,2,3,1,2,2,2,1,2,1,1,2,2,2,2,2,
member:351,4,3,1,3,3,1,1,2,3,2,2,2,1,3,1,1,2,2,2,2,1,3,1,2,3,3,1,2,2,2,2,1,3,4,2,2,2,3,3,2,1,4,2,1,2,2,2,1,2,2,1,1,1,4,2,3,2,3,2,2,2,2,2,1,1,3,2,2,1,1,2,2,2,2,2,2,2,3,1,2,3,3,3,2,2,1,1,2,1,1,3,3,2,3,2,2,2,2,3,3,
member:352,2,2,2,2,3,3,2,1,1,2,2,2,3,2,2,2,2,2,2,1,2,2,2,1,1,3,3,2,1,1,2,2,1,2,1,1,2,2,3,1,1,2,1,1,1,1,2,2,2,2,1,3,2,2,2,2,1,2,2,1,2,1,3,1,2,2,1,1,2,1,2,2,1,2,2,2,2,3,1,3,1,2,1,2,1,1,2,1,1,2,3,1,2,2,2,1,2,1,2,2,
member:353,1,1,4,1,3,4,3,2,1,2,2,2,4,2,3,3,3,3,2,2,4,2,4,2,1,3,4,2,2,2,2,3,1,1,2,2,3,2,3,2,3,1,2,3,3,2,3,4,3,2,3,4,3,1,2,1,2,2,2,2,2,2,3,3,3,2,2,2,3,3,2,2,2,2,3,3,2,3,3,3,1,2,1,2,2,3,4,2,3,3,3,1,3,2,2,2,3,2,2,2,
member:354,3,2,2,2,1,2,2,2,3,1,1,1,2,2,2,1,1,1,3,2,2,2,2,2,3,1,2,3,3,3,4,1,3,3,1,1,1,2,2,3,2,3,2,2,3,3,1,2,1,1,2,2,2,3,1,2,3,2,1,3,1,1,1,1,2,2,2,2,1,2,3,1,2,1,1,4,1,1,3,1,3,2,2,4,3,1,2,2,2,1,1,2,1,2,1,3,3,3,2,2,
member:355,4,3,2,3,4,1,1,2,3,3,3,3,1,3,1,2,3,3,2,2,1,3,2,2,3,4,2,2,2,2,2,2,3,4,2,2,3,3,4,2,2,4,2,2,1,2,3,2,3,3,2,1,1,4,3,3,2,3,3,2,2,2,3,2,1,3,2,2,2,2,2,3,2,2,3,1,3,4,1,3,3,3,3,1,2,2,2,2,2,2,4,3,3,3,3,2,1,2,3,3,
member:356,3,3,2,3,1,2,3,2,3,1,1,1,3,2,3,2,1,1,4,2,3,2,2,3,3,1,2,4,4,3,4,2,3,3,2,2,1,2,1,4,2,3,2,2,4,4,1,2,1,1,2,3,3,3,1,2,3,3,2,4,2,2,1,2,3,2,2,2,2,2,4,1,3,1,1,4,1,1,3,1,4,2,2,4,4,2,2,3,2,2,1,2,1,2,1,3,4,4,2,2,
member:357,4,3,1,3,2,1,2,2,3,2,2,2,1,3,2,1,1,1,3,2,2,2,1,2,2,2,1,2,2,2,3,1,3,4,2,2,1,3,2,2,1,4,2,1,2,2,1,1,1,2,1,1,1,4,2,3,2,3,2,2,2,2,2,1,1,2,1,2,1,1,3,2,2,2,1,3,1,2,2,2,3,3,3,3,2,1,1,2,1,1,2,3,1,3,2,2,3,2,3,3,
member:358,5,4,1,4,3,1,1,3,3,3,3,3,1,3,1,1,2,2,3,3,1,3,1,3,3,3,1,3,3,3,3,1,3,5,3,3,2,3,3,3,2,4,3,2,2,3,2,1,2,3,2,1,1,4,3,4,2,4,3,3,3,3,2,2,1,3,2,3,1,2,3,2,3,2,2,2,2,3,2,2,3,4,4,2,3,2,1,2,2,2,3,3,2,4,3,2,2,3,3,3,
member:359,4,3,1,3,2,1,1,2,2,2,2,2,2,2,1,1,1,1,2,2,1,2,1,2,2,2,2,2,2,2,3,1,2,4,2,2,1,2,3,2,1,3,2,1,2,2,2,1,1,2,1,2,1,3,2,3,2,3,2,2,2,2,2,1,1,2,1,2,1,1,2,1,2,1,1,3,1,2,2,2,2,3,3,3,2,1,1,1,1,1,2,2,1,3,2,2,3,2,2,2,
member:360,3,3,2,3,1,3,3,2,4,2,2,1,3,1,3,2,2,2,4,2,3,1,3,3,3,1,3,4,4,4,5,2,4,3,2,2,2,2,1,4,3,3,3,3,4,4,1,2,2,2,3,3,3,3,2,2,4,2,2,4,2,2,1,2,3,2,3,3,2,3,4,1,3,2,2,5,2,1,4,1,4,2,2,5,4,2,3,3,3,2,1,3,2,2,2,4,4,4,2,1,
member:361,3,2,2,3,1,3,3,2,4,2,2,1,3,1,3,2,2,2,4,2,3,1,2,3,3,1,3,4,4,4,4,2,4,3,2,2,2,2,1,4,2,3,2,2,4,4,1,2,2,1,3,3,3,3,1,2,4,2,2,4,2,2,1,2,3,2,3,3,2,3,4,1,3,2,2,5,2,1,4,1,4,2,2,4,4,2,3,3,2,2,1,2,1,2,2,4,4,4,1,1,
member:362,2,2,2,2,2,3,2,1,2,1,1,1,3,1,2,2,2,2,3,1,2,1,2,2,2,2,3,3,2,2,3,2,2,2,1,1,1,1,2,2,1,2,1,1,2,2,2,2,2,1,1,3,2,2,1,1,2,2,1,2,1,1,2,1,2,1,1,1,2,1,3,1,1,1,2,3,1,2,2,2,2,2,1,3,2,1,2,2,1,1,2,1,1,1,1,2,3,2,1,1,
member:363,1,1,3,2,2,4,3,1,2,1,1,1,4,1,3,3,3,3,3,1,3,1,3,2,2,2,4,3,3,2,3,3,2,1,1,1,2,1,2,3,2,1,1,2,3,3,2,3,2,1,2,4,3,1,1,1,2,1,1,3,1,1,2,2,3,1,2,1,3,2,3,2,2,2,3,3,2,2,2,2,3,1,1,3,3,2,3,2,2,2,2,1,2,1,2,2,3,3,1,1,
member:364,2,2,2,2,4,3,2,2,1,3,3,3,3,3,2,2,3,3,1,2,2,3,2,1,1,4,3,1,1,1,1,2,1,2,2,2,3,3,4,1,2,2,2,2,1,1,3,2,3,3,2,3,2,2,3,2,1,2,3,1,2,2,3,2,2,3,2,2,2,2,1,3,1,3,3,1,3,4,2,3,1,3,2,1,1,2,2,1,2,2,4,2,3,3,3,1,1,1,3,3,
member:365,2,2,3,2,1,3,3,2,3,1,1,1,3,1,3,2,2,2,4,2,3,1,3,3,3,1,3,4,4,3,4,2,3,2,2,2,2,1,1,3,2,2,2,2,3,4,2,3,2,1,2,3,2,2,1,2,3,1,1,3,1,2,2,2,3,1,2,2,2,2,4,1,2,1,2,4,1,1,3,2,3,1,2,4,3,2,3,3,2,2,2,2,2,1,1,3,4,4,1,1,
member:366,2,2,2,2,3,3,2,1,1,2,2,3,3,3,2,2,2,2,1,2,3,3,2,1,1,3,3,1,1,1,2,2,1,2,2,2,2,2,4,1,2,2,1,2,2,1,3,3,2,2,1,3,2,2,2,2,1,2,2,1,2,2,3,2,2,2,1,1,2,2,1,3,1,2,2,2,2,3,2,3,1,2,2,2,1,2,3,1,2,2,3,1,2,2,2,1,2,1,2,3,
member:367,2,2,3,2,4,3,2,2,1,3,3,3,3,3,2,3,3,3,1,2,3,3,2,1,1,4,3,1,1,1,1,2,1,2,2,2,3,3,4,1,2,2,2,2,2,1,3,3,3,3,2,3,2,2,3,2,1,3,3,1,3,2,4,2,2,3,2,2,3,2,1,3,2,3,3,1,3,4,2,4,1,3,2,1,1,2,3,1,2,3,4,2,3,3,3,1,2,1,3,3,
member:368,1,1,3,1,3,4,3,1,1,2,2,2,4,2,3,3,3,3,2,1,3,2,3,1,1,3,4,2,2,1,2,3,1,1,1,1,2,2,3,2,2,1,2,2,2,2,2,3,2,2,2,4,3,1,2,1,2,1,2,2,2,1,2,2,3,2,2,1,3,2,2,2,1,2,3,2,2,3,2,2,2,1,1,2,2,2,3,2,2,2,3,1,2,2,2,2,2,2,2,2,
member:369,3,2,2,2,2,2,2,1,2,1,1,1,2,2,2,1,1,1,3,1,2,2,2,2,2,2,2,3,3,2,3,1,2,3,1,1,1,2,2,3,1,3,1,1,2,3,1,2,1,1,1,2,2,3,1,2,2,2,1,3,1,1,1,1,2,2,1,1,1,1,3,1,2,1,1,3,1,2,2,1,2,2,2,3,3,1,2,2,1,1,2,2,1,2,1,2,3,3,2,2,
member:370,3,3,1,3,2,2,2,1,2,2,1,1,2,2,2,1,1,1,3,1,2,2,1,2,2,1,2,3,3,3,3,1,3,3,2,2,1,2,2,3,1,3,1,1,3,3,1,1,1,1,2,2,2,3,2,2,2,3,2,3,1,2,1,1,2,2,2,2,1,2,3,1,2,1,1,4,1,1,2,1,3,3,2,3,3,1,2,2,1,1,1,2,1,2,1,3,3,3,2,2,
member:371,2,2,3,1,4,3,2,2,1,2,2,3,3,3,2,2,2,3,1,2,3,3,3,1,1,3,3,1,1,1,1,2,1,2,2,2,2,2,4,1,2,2,1,2,2,1,3,3,2,2,2,3,2,2,3,2,1,2,2,1,2,2,3,2,2,2,1,1,2,2,1,3,1,2,3,2,2,3,2,3,1,2,2,2,1,2,3,1,2,2,3,2,3,2,2,1,2,1,2,3,
member:372,2,2,3,2,4,3,3,2,1,3,3,3,4,3,2,3,3,3,1,2,3,3,3,1,1,4,4,1,1,1,1,3,1,2,2,2,3,3,4,1,2,2,2,2,2,1,3,3,3,3,2,4,3,2,3,2,2,2,3,1,2,2,3,2,3,3,2,2,3,2,1,3,1,3,3,2,3,4,2,3,1,3,2,2,1,2,3,2,2,2,4,2,3,3,3,2,2,1,3,3,
member:373,1,1,3,1,2,4,3,1,2,1,2,2,4,2,3,3,3,3,2,1,3,2,3,1,1,2,4,2,2,2,3,3,2,1,1,1,2,1,3,2,2,1,2,2,2,2,2,3,3,1,2,4,3,1,1,1,2,1,1,2,2,1,2,2,3,1,2,1,3,2,2,2,1,2,3,3,2,2,3,2,2,1,1,3,2,2,3,2,2,2,2,1,2,1,2,2,2,2,1,2,
member:374,3,3,2,3,3,2,1,1,2,2,2,2,2,2,1,1,1,2,2,1,2,2,1,1,2,3,2,2,2,1,2,1,2,3,1,1,1,2,3,2,1,3,1,1,2,2,2,2,2,2,1,2,1,3,2,2,1,3,2,2,1,1,2,1,1,2,1,1,1,1,2,2,1,1,2,2,1,2,1,2,2,2,2,2,2,1,2,1,1,1,3,2,2,2,1,2,2,2,2,2,
member:375,1,1,4,1,3,4,4,2,2,2,2,2,4,1,3,4,3,3,3,2,4,2,4,2,2,3,4,2,2,2,3,3,2,1,2,2,3,1,2,2,3,1,2,3,3,2,3,4,3,2,3,4,4,1,2,1,2,1,2,2,2,2,3,3,3,2,3,2,3,3,2,2,2,2,4,3,3,2,3,3,2,1,1,3,2,3,4,2,3,3,3,1,3,1,2,2,3,2,1,1,
member:376,3,3,1,3,2,2,2,2,2,2,1,2,2,2,2,1,1,1,3,2,2,2,1,2,2,2,2,3,3,2,3,1,2,3,2,2,1,2,2,3,1,3,1,1,3,3,1,1,1,2,1,2,2,3,2,3,2,3,2,3,1,2,1,1,2,2,1,2,1,1,3,1,2,1,1,3,1,1,2,1,3,3,3,3,3,1,1,2,1,1,2,2,1,2,1,2,3,3,2,2,
member:377,3,2,2,3,1,3,3,2,4,2,2,1,3,1,3,2,2,2,4,2,3,1,2,3,3,1,3,4,4,4,5,2,4,3,2,2,2,2,1,4,3,3,3,2,4,4,1,2,2,2,3,3,3,3,2,2,4,2,2,4,2,2,1,2,3,2,3,3,2,3,4,1,3,2,2,5,2,1,4,1,4,2,2,5,4,2,3,3,3,2,1,3,1,2,2,4,4,4,2,1,
member:378,4,4,2,4,3,1,1,3,3,3,2,3,1,3,1,2,2,2,2,3,1,3,1,3,3,3,1,3,2,3,2,2,3,4,3,3,2,3,4,3,2,4,2,2,2,3,3,2,2,3,2,1,1,4,3,4,2,4,3,3,2,3,3,2,1,3,2,3,2,2,2,3,3,2,2,2,2,3,1,3,3,4,3,2,2,2,1,2,2,2,3,3,2,3,2,2,2,3,3,3,
member:379,1,1,3,1,2,4,3,2,2,1,2,2,4,2,3,3,3,3,2,2,3,2,3,2,2,2,4,2,2,2,3,3,2,1,1,1,3,1,3,2,3,1,2,2,3,2,3,4,3,2,2,4,3,1,1,1,2,1,1,2,2,2,2,3,3,1,2,2,3,2,2,2,2,2,3,3,2,2,3,2,2,1,1,3,2,3,3,2,2,2,2,1,2,1,2,2,3,2,1,1,
member:380,2,2,2,2,3,2,2,1,1,2,2,2,3,2,2,2,2,2,2,1,2,2,2,1,1,3,3,2,2,1,2,2,1,3,1,1,1,2,3,2,1,2,1,1,2,2,2,2,2,2,1,3,2,2,2,2,1,2,1,2,1,1,2,1,2,2,1,1,2,1,2,2,1,1,2,2,1,2,1,2,2,2,2,2,2,1,2,1,1,1,3,1,2,2,1,2,2,2,2,2,
member:381,2,2,2,2,1,3,2,2,3,1,1,1,3,1,2,2,2,2,3,2,3,1,2,2,3,1,3,3,3,3,4,2,3,2,1,2,2,1,2,3,2,2,2,2,3,3,2,3,2,1,2,3,2,2,1,2,3,2,1,3,1,1,1,2,2,1,2,2,2,2,3,1,2,1,2,4,1,1,3,2,3,1,1,4,3,2,3,2,2,1,2,2,1,1,1,3,4,3,1,1,
member:382,3,3,2,3,4,2,1,2,2,3,3,3,2,3,1,2,3,3,1,2,1,3,2,1,2,4,2,1,1,1,1,2,2,3,2,2,3,3,4,2,2,3,2,2,1,1,3,2,3,3,2,2,1,3,3,2,1,3,3,2,2,2,3,2,1,3,1,2,2,2,1,3,1,2,3,1,2,3,1,3,2,2,2,1,1,2,1,1,2,2,4,2,3,3,3,1,1,1,3,3,
member:383,2,2,2,2,3,3,2,1,2,1,1,2,3,2,2,2,2,2,2,1,2,2,2,1,1,2,3,2,2,2,2,2,2,2,1,1,2,1,3,2,2,2,1,1,2,2,2,3,2,1,1,3,2,2,2,1,2,2,1,2,1,1,2,2,2,1,1,1,2,1,2,2,1,1,2,3,1,2,2,2,2,1,1,2,2,2,2,1,1,1,2,1,2,1,1,2,2,2,1,2,
member:384,4,4,1,4,3,1,1,2,3,3,2,2,1,3,1,1,1,2,2,2,1,3,1,3,3,3,1,2,2,3,2,1,3,4,3,3,2,3,3,3,2,4,2,2,2,2,2,1,2,2,2,1,1,4,3,3,2,4,3,3,2,3,2,1,1,3,2,3,1,2,2,2,2,2,2,2,2,2,1,2,3,4,3,2,2,2,1,2,2,2,3,3,2,3,2,2,2,3,3,3,
member:385,2,2,2,2,4,3,2,2,1,2,2,3,3,3,2,2,2,2,1,2,3,3,2,1,1,3,3,1,1,1,1,2,1,2,2,2,2,2,4,1,2,2,1,2,2,1,3,3,2,2,1,3,2,2,2,2,1,2,2,1,2,2,3,2,2,2,1,1,2,2,1,3,1,2,3,2,2,3,2,3,1,2,2,1,1,2,3,1,2,2,3,1,3,2,2,1,2,1,2,3,
member:386,4,3,1,3,2,1,2,2,3,2,2,2,1,3,2,1,1,1,3,2,2,2,1,2,2,2,1,3,3,2,3,1,3,4,2,2,1,3,2,2,1,4,2,1,2,3,1,1,1,2,1,2,1,4,2,3,2,3,2,2,2,2,2,1,2,2,1,2,1,1,3,2,2,2,1,3,1,2,2,2,3,3,3,3,2,1,1,2,1,1,2,3,1,3,2,2,3,3,3,3,
member:387,4,4,1,4,2,1,1,2,3,3,2,2,1,3,1,1,1,1,2,2,1,3,1,3,3,2,1,2,2,3,3,1,3,4,3,3,2,3,3,3,2,4,2,2,2,2,2,1,1,2,2,1,1,4,3,3,2,4,3,3,2,3,2,1,1,3,2,3,1,2,2,2,2,2,1,3,2,2,2,2,3,4,3,3,2,2,1,2,2,2,2,3,2,3,2,2,2,3,3,3,
member:388,2,2,2,2,4,3,2,2,1,3,3,3,3,3,2,2,3,3,1,2,3,3,2,1,1,4,3,1,1,1,1,2,1,2,2,2,3,3,4,1,2,2,2,2,2,1,3,3,3,3,2,3,2,2,3,2,1,2,3,1,2,2,3,2,2,3,1,2,2,2,1,3,1,2,3,1,2,3,2,3,1,2,2,1,1,2,3,1,2,2,4,2,3,3,3,1,2,1,3,3,
member:389,3,3,2,3,3,2,1,1,2,2,2,3,2,3,1,2,2,2,1,1,2,3,1,1,2,3,2,1,1,1,2,2,2,3,2,2,2,2,4,1,1,3,1,1,1,1,3,2,2,2,1,2,1,3,2,2,1,3,2,1,2,2,3,2,1,2,1,1,2,1,1,2,1,2,2,2,2,3,1,3,2,2,2,2,1,2,2,1,1,2,3,2,2,2,2,1,1,1,2,3,
member:390,3,2,3,2,4,2,2,2,1,3,3,3,3,3,1,3,3,3,1,2,2,3,2,1,1,4,2,1,1,1,1,2,2,3,2,2,3,3,4,1,2,3,2,2,1,1,4,2,3,3,2,3,2,2,3,2,1,3,3,1,3,3,4,2,2,3,2,2,3,2,1,3,2,3,3,1,3,4,1,4,1,3,2,1,1,2,2,1,2,3,4,2,3,3,3,1,1,1,3,3,
member:391,3,3,2,3,3,2,1,1,2,2,2,2,2,2,1,2,2,2,2,1,1,2,1,1,2,3,2,2,2,1,2,1,2,3,2,2,2,2,3,2,1,3,1,1,1,2,2,2,2,2,1,2,1,3,2,2,1,3,2,2,2,1,3,1,1,2,1,1,2,1,2,2,1,2,2,2,2,3,1,3,2,2,2,2,1,1,1,1,1,1,3,2,2,2,2,1,2,2,2,2,
member:392,3,3,2,3,1,3,3,3,4,2,2,1,3,1,3,2,2,2,4,2,3,1,3,3,3,1,3,4,4,4,5,2,4,3,2,2,2,2,1,4,3,3,3,3,4,4,1,2,2,2,3,3,3,3,2,2,4,2,2,4,2,2,1,2,3,2,3,3,2,3,4,1,3,2,2,5,2,1,4,1,4,2,2,5,4,2,3,3,3,2,1,3,2,2,2,4,4,4,2,2,
member:393,1,1,3,1,2,3,3,1,2,1,1,2,4,2,3,3,3,3,2,1,3,2,3,1,1,2,4,2,2,2,3,3,2,2,1,1,2,1,3,2,2,1,1,2,2,2,2,3,2,1,2,4,3,1,1,1,2,1,1,2,1,1,2,2,3,1,2,1,3,2,2,2,1,2,3,3,2,2,2,2,2,1,1,3,2,2,3,2,2,2,2,1,2,1,1,2,2,2,1,2,
member:394,1,1,3,1,2,4,3,2,2,1,2,2,4,2,3,3,3,3,2,2,4,2,3,2,2,2,4,2,2,2,3,3,2,1,2,2,3,1,3,2,3,1,2,3,3,2,3,4,3,2,3,4,3,1,2,1,2,1,1,2,2,2,2,3,3,1,2,2,3,3,2,2,2,2,3,3,2,2,3,3,2,1,1,3,2,3,4,2,3,2,3,1,2,1,2,2,3,2,1,1,
member:395,3,2,3,2,4,2,2,2,1,3,3,4,2,4,2,3,3,3,1,3,2,4,2,2,2,4,2,1,1,1,1,3,2,3,3,3,3,3,5,1,2,3,2,2,1,1,4,3,3,3,2,2,2,2,3,3,1,3,3,1,3,3,4,3,2,3,2,2,3,2,1,4,2,3,3,1,3,4,1,4,1,3,3,1,1,3,2,2,2,3,4,2,3,3,3,1,1,1,3,4,
member:396,5,4,1,4,3,1,2,3,4,3,3,3,1,4,2,1,2,2,3,3,1,3,1,3,4,3,1,3,3,3,3,2,4,5,3,3,2,4,3,3,2,5,3,2,2,3,2,1,2,3,2,1,1,5,3,4,3,4,3,3,3,3,2,2,2,3,3,3,2,2,3,3,3,3,2,2,3,3,2,2,4,4,4,2,3,2,1,3,2,2,3,4,2,4,3,3,2,3,4,4,
member:397,3,2,2,2,1,2,3,2,3,1,1,1,2,2,3,2,1,1,4,2,3,1,2,2,3,1,2,3,3,3,4,2,3,3,1,2,1,2,1,3,2,3,2,2,3,3,1,2,1,1,2,2,2,3,1,2,3,2,1,3,1,1,1,2,2,1,2,2,1,2,3,1,2,1,1,4,1,1,3,1,3,2,2,4,3,2,2,2,2,1,1,2,1,2,1,3,4,3,2,2,
member:398,4,3,2,3,3,1,1,2,3,2,2,3,1,3,1,2,2,2,2,2,1,3,1,2,3,3,1,2,2,2,2,2,3,4,2,2,2,3,4,2,1,4,2,1,1,2,3,2,2,2,1,1,1,4,2,3,2,3,2,2,2,2,3,2,1,3,2,2,2,1,2,3,2,2,2,2,2,3,1,3,3,3,3,2,2,2,1,2,1,2,3,3,2,3,2,2,1,2,3,3,
member:399,4,3,1,3,2,2,2,2,3,2,2,2,2,3,2,1,1,1,3,2,2,3,2,2,3,2,2,3,3,3,4,1,3,4,2,2,1,3,2,3,2,4,2,2,3,3,1,1,1,2,2,2,2,4,2,3,3,3,2,3,2,2,1,1,2,3,2,2,1,2,3,2,2,2,1,4,2,2,3,1,3,3,3,4,3,1,2,2,2,1,1,3,1,3,2,3,3,3,3,3,
member:400,3,3,1,3,2,2,2,1,2,2,1,1,2,2,2,1,1,1,3,1,2,2,1,1,2,2,2,2,2,2,3,1,2,3,1,1,1,2,2,2,1,3,1,1,2,2,2,2,1,1,1,2,1,3,1,2,2,3,2,2,1,1,2,1,1,2,1,1,1,1,2,1,1,1,1,3,1,2,2,2,2,2,2,3,2,1,2,1,1,1,2,2,1,2,1,2,3,2,2,2,
member:401,1,2,3,1,4,3,3,2,1,2,2,3,4,3,3,3,3,3,1,2,3,3,3,1,1,3,4,1,1,1,1,3,1,2,2,2,2,2,4,1,2,1,1,2,2,1,3,3,2,2,2,4,3,1,2,2,2,2,2,1,2,2,3,2,3,2,2,1,3,2,1,3,1,2,3,2,2,3,2,3,1,2,2,2,1,2,3,2,2,2,3,1,3,2,2,2,2,1,2,3,
member:402,4,4,2,4,3,1,1,2,3,3,2,3,1,3,1,2,2,2,2,2,1,3,1,3,3,3,1,2,2,2,2,2,3,4,3,3,2,3,4,3,1,4,2,2,1,2,3,2,2,2,2,1,1,4,3,3,2,4,3,3,2,2,3,2,1,3,2,2,2,2,2,3,2,2,3,2,2,3,1,3,3,3,3,2,2,2,1,2,2,2,3,3,2,3,2,2,2,3,3,3,
member:403,4,3,1,3,1,2,2,2,3,2,2,2,2,2,2,1,1,1,3,2,2,2,2,2,2,1,2,3,3,3,4,1,3,4,2,2,1,3,2,3,2,4,2,2,3,3,1,1,1,2,2,2,2,3,2,3,3,3,2,3,2,2,1,1,2,2,2,2,1,2,3,2,2,1,1,4,1,2,3,1,3,3,3,4,3,1,2,2,2,1,1,2,1,3,2,3,3,3,3,3,
member:404,3,2,2,2,1,2,3,2,3,1,1,1,2,2,3,2,1,1,4,2,3,1,2,3,3,1,2,4,4,3,4,2,3,3,2,2,1,2,1,3,2,3,2,2,3,4,1,2,1,1,2,3,2,3,1,2,3,2,1,3,1,2,1,2,3,1,2,2,1,2,4,1,2,1,2,4,1,1,3,1,3,2,2,4,3,2,2,3,2,1,1,2,1,2,1,3,4,4,2,2,
member:405,2,2,3,2,3,3,2,1,1,2,2,2,3,3,2,2,2,2,1,1,3,3,2,1,1,3,3,1,1,1,2,2,1,2,2,1,2,2,4,1,2,2,1,2,2,1,3,3,2,2,2,3,2,2,2,1,1,2,2,1,2,2,3,2,2,2,1,1,2,2,1,2,1,2,2,2,2,3,2,3,1,2,2,2,1,2,3,1,2,2,3,1,2,2,2,1,2,1,2,2,
member:406,2,2,3,2,1,3,3,2,3,1,1,1,3,1,3,2,2,2,4,2,3,1,3,3,3,1,3,3,3,3,4,2,3,2,2,2,2,1,1,3,2,2,2,2,3,3,2,3,2,1,2,3,2,2,1,2,3,1,1,3,1,1,2,2,2,1,2,2,2,2,4,1,2,1,2,4,1,1,3,2,3,1,2,4,3,2,3,3,2,2,2,2,2,1,1,3,4,3,1,1,
member:407,2,2,2,3,1,3,3,2,3,1,1,1,3,1,3,2,2,2,4,2,3,1,2,3,3,1,3,4,4,3,4,2,3,2,2,2,2,1,1,4,2,3,2,2,4,4,1,2,1,1,3,3,3,3,1,2,3,2,2,4,2,2,1,2,3,1,3,2,2,2,4,1,3,2,2,5,2,1,3,1,4,2,2,4,4,2,3,3,2,2,1,2,1,1,2,4,4,4,1,1,
member:408,5,4,1,4,3,1,2,3,4,3,3,3,1,4,2,1,2,2,3,3,1,3,1,3,4,3,1,3,3,3,3,2,4,5,3,3,2,4,3,3,2,5,3,2,2,3,2,1,2,3,2,1,1,5,3,4,3,4,3,3,3,3,2,2,2,3,3,3,2,2,3,3,3,3,2,3,3,3,2,2,4,4,4,2,3,2,1,3,2,2,2,4,2,4,3,3,2,3,4,4,
member:409,3,2,3,2,4,2,1,2,2,3,3,3,2,3,1,3,3,3,1,2,2,3,2,1,2,4,2,1,1,1,1,2,2,3,2,2,3,3,4,1,2,3,2,2,1,1,4,2,3,3,2,2,2,3,3,2,1,3,3,1,3,3,4,2,2,3,2,2,3,2,1,3,2,3,3,1,3,4,1,4,2,3,2,1,1,2,2,1,2,3,4,2,3,3,3,1,1,1,3,3,
member:410,4,4,2,4,4,1,1,2,3,3,2,3,1,3,1,2,2,3,2,2,1,3,2,3,3,3,2,2,2,2,2,2,3,4,3,3,2,3,4,3,1,4,2,2,1,2,3,2,2,2,2,1,1,4,3,3,2,4,3,3,2,2,3,2,1,3,2,2,2,2,2,3,2,2,3,2,2,3,1,3,3,3,3,2,2,2,1,2,2,2,3,3,3,3,2,2,2,3,3,3,
member:411,3,2,2,2,2,2,2,1,2,1,1,1,3,1,2,2,2,2,3,1,2,1,2,2,2,2,3,3,3,2,3,2,2,3,1,1,1,1,2,3,1,2,1,1,2,3,1,2,1,1,1,3,2,2,1,2,2,2,1,2,1,1,1,1,2,1,1,1,2,1,3,1,1,1,2,3,1,2,2,1,2,2,2,3,2,1,2,2,1,1,2,1,1,2,1,2,3,3,1,1,
member:412,4,4,1,4,2,1,2,2,3,3,2,2,1,3,2,1,1,1,3,2,2,3,1,2,3,2,1,3,3,2,3,1,3,4,2,2,1,3,2,2,1,4,2,1,2,3,1,1,1,2,1,2,1,4,2,3,2,4,3,3,2,2,2,1,2,3,2,2,1,1,3,2,2,2,1,3,2,2,2,2,3,3,3,3,2,1,1,2,1,2,2,3,2,3,2,2,3,3,3,3,
member:413,2,2,3,1,4,3,2,2,1,3,3,3,3,3,2,3,3,3,1,2,3,3,3,1,1,4,3,1,1,1,1,2,1,2,2,2,3,3,4,1,2,2,2,2,2,1,3,3,3,3,2,3,3,2,3,2,1,2,3,1,2,2,3,2,2,3,2,2,2,2,1,3,1,3,3,2,3,4,2,3,1,2,2,2,1,2,3,1,2,2,4,2,3,3,3,1,2,1,3,3,
member:414,1,1,3,1,2,4,3,2,2,1,2,2,4,1,3,3,3,3,3,2,3,1,3,2,2,2,4,3,3,2,3,3,2,1,1,1,2,1,2,3,3,1,2,2,3,3,3,3,3,2,2,4,3,1,1,1,2,1,1,3,2,2,2,3,3,1,2,2,3,2,3,2,2,2,3,3,2,2,3,2,2,1,1,3,3,2,3,2,2,2,2,1,2,1,2,2,3,3,1,1,
member:415,3,3,2,3,4,2,1,2,2,3,3,3,2,3,1,2,3,3,1,2,1,3,2,2,2,4,2,2,1,2,1,2,2,3,2,2,3,3,4,2,2,3,2,2,1,2,3,2,3,3,2,2,1,3,3,3,1,3,3,2,2,2,3,2,1,3,2,2,2,2,1,3,2,2,3,1,3,4,1,3,2,3,2,1,1,2,2,1,2,2,4,2,3,3,3,1,1,2,3,3,
member:416,4,3,1,3,2,1,1,2,3,2,2,2,1,3,1,1,1,1,2,2,1,3,1,2,3,2,1,2,2,2,3,1,3,4,2,2,1,3,3,2,1,4,2,1,2,2,2,1,1,2,1,1,1,4,2,3,2,3,2,2,2,2,2,1,1,3,2,2,1,1,2,2,2,2,1,3,2,2,2,2,3,3,3,3,2,1,1,2,1,1,2,3,1,3,2,2,3,2,3,3,
member:417,3,2,3,2,4,2,1,2,2,3,3,3,2,3,1,3,3,3,1,2,2,3,2,1,1,4,2,1,1,1,1,2,2,3,2,2,3,3,4,1,2,3,2,2,1,1,3,2,3,3,2,2,2,3,3,2,1,2,3,1,3,2,4,2,1,3,2,2,3,2,1,3,2,3,3,1,3,4,1,4,2,3,2,1,1,2,2,1,2,2,4,2,3,3,3,1,1,1,3,3,
member:418,2,1,3,2,2,3,3,1,3,1,1,1,4,1,2,3,3,3,3,1,3,1,3,2,2,2,3,3,3,3,3,2,3,2,1,1,2,1,2,3,2,2,1,2,3,3,2,3,2,1,2,4,3,2,1,1,3,1,1,3,1,1,2,2,2,1,2,2,2,2,3,1,2,2,3,4,2,1,3,2,3,1,1,3,3,2,3,2,2,2,2,1,2,1,1,3,3,3,1,1,
member:419,3,2,2,2,1,2,3,2,3,1,1,1,3,1,3,2,2,2,4,2,3,1,2,3,3,1,2,4,3,3,4,2,3,3,2,2,1,2,1,3,2,3,2,2,3,3,1,2,1,1,2,3,2,2,1,2,3,2,1,3,1,2,1,2,2,1,2,2,1,2,4,1,2,1,2,4,1,1,3,1,3,2,2,4,3,2,2,3,2,1,1,2,1,2,1,3,4,3,2,1,
member:420,4,4,2,4,4,1,1,2,3,3,2,3,1,3,1,2,2,3,2,2,1,3,2,2,3,3,2,2,2,2,2,2,3,4,2,2,2,3,4,2,2,4,2,2,1,2,3,2,2,3,1,1,1,4,3,3,2,4,3,3,2,2,3,2,1,3,2,2,2,1,2,3,2,2,3,2,2,3,1,3,3,3,3,2,2,2,1,2,2,2,3,3,3,3,2,2,1,2,3,3,
member:421,3,3,2,3,4,2,1,2,2,3,3,3,2,3,1,2,3,3,1,2,1,3,2,2,2,4,2,1,1,2,1,2,2,3,2,2,3,3,4,2,2,3,2,2,1,2,3,2,3,3,2,2,1,3,3,2,1,3,3,2,2,2,3,2,1,3,2,2,2,2,1,3,1,3,3,1,3,4,1,3,2,3,2,1,1,2,2,1,2,2,4,2,3,3,3,1,1,2,3,3,
member:422,2,2,3,2,4,3,2,2,1,3,3,3,3,3,2,3,3,3,1,2,2,3,2,1,1,4,3,1,1,1,1,2,1,2,2,2,3,3,4,1,2,2,2,2,2,1,3,2,3,3,2,3,2,2,3,2,1,2,3,1,3,2,4,2,2,3,2,2,3,2,1,3,2,3,3,1,3,4,2,4,1,3,2,1,1,2,2,1,2,2,4,2,3,3,3,1,1,1,3,3,
member:423,1,1,3,1,2,4,3,2,2,1,2,2,4,1,3,3,3,3,3,2,4,1,3,2,2,2,4,3,3,2,3,3,2,1,2,2,3,1,2,2,3,1,2,3,3,3,3,4,3,2,3,4,3,1,2,1,2,1,1,2,2,2,2,3,3,1,2,2,3,3,3,2,2,2,3,3,2,2,3,3,2,1,1,3,2,3,4,2,3,2,3,1,2,1,2,2,3,3,1,1,
member:424,3,3,2,3,1,3,3,3,4,2,2,2,3,2,3,2,2,2,4,3,3,1,3,3,4,1,3,4,4,4,5,2,4,3,2,3,2,2,1,4,3,3,3,3,4,4,1,3,2,2,3,3,3,3,2,3,4,2,2,4,2,2,1,3,3,2,3,3,2,3,4,2,3,2,2,5,2,1,4,1,4,2,2,5,4,3,3,3,3,2,1,3,2,2,2,4,5,4,2,2,
member:425,1,1,3,1,3,4,3,1,1,2,2,2,4,2,3,3,3,3,2,2,3,2,3,1,1,3,4,2,2,1,2,3,1,1,1,1,2,2,3,1,2,1,2,2,2,1,3,3,3,2,2,4,3,1,2,1,2,2,2,1,2,2,3,2,3,2,2,1,3,2,2,2,2,2,3,2,2,3,3,3,1,2,1,2,2,2,3,2,2,2,3,1,2,2,2,2,2,1,2,2,
member:426,2,1,3,1,3,3,3,1,1,2,1,2,4,2,2,3,3,3,2,1,3,2,3,1,1,2,4,2,2,1,2,3,1,2,1,1,2,1,3,2,2,1,1,2,2,2,2,3,2,2,2,4,3,1,2,1,2,1,1,2,1,1,2,2,3,2,2,1,3,2,2,2,1,2,3,3,2,2,2,2,2,1,1,2,2,2,3,2,2,2,2,1,2,1,1,2,2,2,2,2,
member:427,1,1,3,2,2,4,3,2,2,1,2,2,4,1,3,3,3,3,3,2,4,1,3,2,2,2,4,3,3,2,3,3,2,1,1,1,3,1,2,3,3,2,2,3,3,3,3,4,3,2,2,4,3,1,1,1,2,1,1,3,2,2,2,3,3,1,2,2,3,3,3,2,2,2,3,3,2,2,3,3,3,1,1,3,3,3,4,2,3,2,3,1,2,1,2,2,3,3,1,1,
member:428,2,2,2,2,3,3,2,1,1,2,2,2,3,2,2,2,2,2,2,1,2,2,2,1,1,3,3,2,2,1,2,2,1,2,1,1,2,2,3,2,1,2,1,1,2,2,2,2,2,2,1,3,2,2,2,1,1,2,2,2,1,1,2,1,2,2,1,1,2,1,2,2,1,1,2,2,1,2,2,2,2,2,1,2,2,1,2,1,1,1,3,1,2,2,2,1,2,2,2,2,
member:429,4,4,2,4,3,1,1,2,3,3,2,2,1,3,1,2,2,2,2,2,1,3,1,3,3,3,1,2,2,2,2,1,3,4,3,3,2,3,4,3,1,4,2,2,1,2,3,1,2,2,2,1,1,4,3,3,2,4,3,3,2,2,3,1,1,3,2,2,2,2,2,2,2,2,2,2,2,3,1,3,3,3,3,2,2,2,1,2,2,2,3,3,2,3,2,2,2,3,3,3,
member:430,3,2,2,2,2,2,2,1,2,1,1,1,3,1,2,2,2,2,3,1,2,1,2,2,2,2,2,3,2,2,3,2,2,3,1,1,1,2,2,2,1,3,1,1,2,2,1,2,1,1,1,3,2,2,1,2,2,2,1,2,1,1,2,1,1,1,1,1,1,1,3,1,1,1,2,3,1,2,2,2,2,2,2,3,2,1,2,2,1,1,2,1,1,2,1,2,3,2,2,1,
member:431,3,3,2,3,4,2,1,2,2,2,2,3,2,3,1,2,2,3,1,2,1,3,2,1,2,3,2,1,1,1,1,2,2,3,2,2,2,2,4,2,1,3,1,2,1,1,3,2,2,2,1,2,1,3,3,2,1,3,2,2,2,2,3,2,1,2,1,1,2,1,1,3,1,2,3,2,2,3,1,3,2,2,2,1,1,2,1,1,1,2,3,2,3,2,2,1,1,1,2,3,
member:432,3,2,2,3,1,2,2,2,3,1,1,1,2,2,2,1,1,1,3,1,2,2,2,2,2,1,2,3,3,3,4,1,3,3,1,1,1,2,2,3,2,3,2,2,3,3,1,2,1,1,2,2,2,3,1,2,3,2,2,3,1,1,1,1,2,2,2,2,1,2,3,1,2,1,1,4,1,1,3,1,3,2,2,4,3,1,2,2,2,1,1,2,1,2,1,3,3,3,2,2,
member:433,4,4,2,4,4,1,1,2,3,2,2,3,1,3,1,2,2,2,2,2,1,3,2,2,3,3,1,2,2,2,2,2,3,4,2,2,2,3,4,2,1,4,2,2,1,2,3,2,2,2,1,1,1,4,2,3,2,4,3,2,2,2,3,2,1,3,2,2,2,1,2,3,2,2,3,2,2,3,1,3,3,3,3,2,2,2,1,2,1,2,3,3,3,3,2,2,1,2,3,3,
member:434,2,1,3,2,2,3,2,1,2,1,1,1,3,2,2,2,2,2,2,1,3,2,2,1,2,2,3,2,2,2,3,2,2,2,1,1,2,1,3,2,2,2,1,2,2,2,2,3,2,1,2,3,2,2,1,1,2,1,1,2,1,1,2,2,2,1,1,1,2,2,2,1,1,1,2,3,1,2,2,2,2,1,1,3,2,2,3,1,2,2,2,1,2,1,1,2,3,2,1,1,
member:435,3,3,3,3,5,3,2,3,2,4,4,4,2,4,2,3,4,4,1,3,2,4,3,2,2,5,3,1,1,2,1,3,2,3,3,3,4,4,5,1,3,3,3,3,2,1,4,3,4,4,3,2,2,3,4,3,2,3,4,1,3,3,4,3,2,4,3,3,3,3,1,4,2,4,4,1,4,5,2,4,2,4,3,1,1,3,3,2,3,3,5,3,4,4,4,2,1,1,4,4,
member:436,4,4,2,4,3,1,1,3,3,3,3,3,1,3,1,2,2,2,3,3,1,3,1,3,3,3,1,3,3,3,2,1,3,5,3,3,2,3,3,3,2,4,3,2,2,3,3,1,2,3,2,1,1,4,3,4,2,4,3,3,3,3,3,2,1,3,2,3,2,2,3,2,3,2,2,2,2,3,2,3,3,4,4,2,3,2,1,2,2,2,3,3,2,4,2,2,2,3,3,3,
member:437,1,1,3,1,3,4,3,1,1,2,2,2,4,2,3,3,3,3,2,1,3,2,3,1,1,3,4,2,2,1,2,3,1,1,1,1,2,2,3,1,2,1,1,2,2,2,2,3,2,2,2,4,3,1,2,1,2,1,2,1,2,1,3,2,3,2,2,1,3,2,2,2,1,2,3,2,2,3,2,3,1,2,1,2,1,2,3,2,2,2,3,1,2,2,2,2,2,2,2,2,
member:438,2,2,3,2,4,3,2,2,1,3,3,4,3,4,2,3,3,3,1,2,3,4,2,2,1,4,3,1,1,1,1,3,1,2,3,3,3,3,5,1,2,2,2,2,2,1,4,3,3,3,2,3,2,2,3,2,1,3,3,1,3,3,4,3,2,3,2,2,3,2,1,3,2,3,3,2,3,4,2,4,1,3,3,1,1,3,3,2,2,3,4,2,3,3,3,1,2,1,3,4,
member:439,4,3,2,3,3,1,1,2,2,2,2,3,1,3,1,2,2,2,2,2,1,3,1,2,2,3,1,2,2,2,2,2,3,4,2,2,2,3,4,2,1,4,2,1,1,2,3,2,2,2,1,1,1,3,2,3,1,3,2,2,2,2,3,2,1,2,1,2,2,1,2,3,2,2,2,2,2,3,1,3,2,3,3,2,2,2,1,2,1,2,3,2,2,3,2,2,1,2,3,3,
member:440,3,3,3,2,5,2,2,3,2,4,3,4,2,4,2,3,3,4,1,3,2,4,3,2,2,4,3,1,1,1,1,3,2,3,3,3,3,3,5,1,3,3,3,3,1,1,4,3,4,4,2,2,2,3,4,3,2,3,3,1,3,3,4,3,2,4,2,2,3,2,1,4,2,3,4,1,3,4,2,4,2,3,3,1,1,3,2,2,3,3,4,3,4,3,3,1,1,1,4,4,
member:441,3,3,2,3,1,3,3,2,3,1,2,1,3,2,3,2,2,1,4,2,3,2,2,3,3,1,2,4,4,4,4,2,4,3,2,2,2,2,1,4,2,3,2,2,4,4,1,2,1,1,3,3,3,3,1,2,3,3,2,4,2,2,1,2,3,2,3,3,2,3,4,1,3,2,1,5,2,1,3,1,4,2,2,4,4,2,3,3,2,2,1,2,1,2,2,4,4,4,2,2,
member:442,3,3,3,3,5,3,2,3,2,4,4,4,2,4,2,3,4,4,1,3,2,4,3,2,2,5,3,1,1,2,1,3,2,3,3,3,4,4,5,1,3,3,3,3,2,1,4,3,4,4,3,2,2,3,4,3,2,3,4,1,3,3,4,3,2,4,3,3,3,3,1,4,2,4,4,1,4,5,2,4,2,4,3,1,1,3,3,2,3,3,5,3,4,4,4,2,1,1,4,4,
member:443,4,3,1,3,1,2,3,2,3,2,2,2,2,2,3,1,1,1,4,2,3,2,2,3,3,1,2,3,3,3,4,2,3,4,2,2,1,3,1,3,2,4,2,2,3,3,1,2,1,2,2,2,2,3,2,3,3,3,2,3,2,2,1,2,2,2,2,2,1,2,4,1,2,1,1,4,1,1,3,1,3,3,3,4,3,2,2,3,2,1,1,2,1,3,2,3,4,3,3,3,
member:444,3,2,2,3,1,2,3,2,3,1,1,1,3,1,3,2,2,2,4,2,3,1,2,3,3,1,3,4,4,3,4,2,3,3,2,2,1,1,1,4,2,2,2,2,4,4,1,2,1,1,2,3,3,2,1,2,3,2,1,4,2,2,1,2,3,1,2,2,2,2,4,1,3,1,2,4,1,1,3,1,4,2,2,4,4,2,2,3,2,2,1,2,1,2,1,3,4,4,1,1,
member:445,3,3,1,3,2,2,2,2,2,2,1,2,2,2,2,1,1,1,3,2,2,2,1,2,2,2,2,2,2,2,3,1,2,3,2,2,1,2,2,2,1,3,1,1,2,2,1,1,1,2,1,2,1,3,2,3,2,3,2,2,1,2,2,1,1,2,1,2,1,1,3,1,2,1,1,3,1,2,2,2,2,3,3,3,2,1,1,2,1,1,2,2,1,2,1,2,3,2,2,2,
member:446,3,2,2,3,1,3,3,2,3,1,1,1,3,2,3,2,1,1,4,2,3,1,2,3,3,1,2,4,4,3,4,2,3,3,2,2,1,2,1,4,2,3,2,2,4,4,1,2,1,1,2,3,3,3,1,2,3,2,1,4,2,2,1,2,3,1,2,2,2,2,4,1,3,2,2,4,1,1,3,1,4,2,2,4,4,2,2,3,2,2,1,2,1,2,1,3,4,4,2,2,
member:447,2,2,3,2,4,3,2,2,1,3,3,3,3,4,2,3,3,3,1,2,3,4,2,2,1,4,3,1,1,1,1,2,1,2,3,2,3,3,5,1,2,2,2,2,2,1,4,3,3,3,2,3,2,2,3,2,1,3,3,1,3,3,4,2,2,3,2,2,3,2,1,3,2,3,3,1,3,4,2,4,1,3,3,1,1,2,3,2,2,3,4,2,3,3,3,1,2,1,3,3,
member:448,4,3,2,3,4,2,1,2,3,3,3,3,1,3,1,2,3,3,2,2,1,3,2,2,2,4,2,2,2,2,2,2,3,4,2,2,3,3,4,2,2,4,2,2,1,2,3,2,3,3,2,1,1,4,3,3,2,3,3,2,2,2,3,2,1,3,2,2,2,2,2,3,2,3,3,1,3,4,1,3,3,3,3,1,2,2,2,2,2,2,4,3,3,3,3,2,1,2,3,3,
member:449,2,1,3,2,2,3,3,1,2,1,1,1,4,1,2,3,3,3,3,1,3,1,3,2,2,2,3,3,3,2,3,2,2,2,1,1,2,1,2,3,2,2,1,2,3,3,2,3,2,1,2,4,3,2,1,1,2,1,1,3,1,1,2,2,2,1,2,1,2,2,3,1,2,2,3,4,2,1,2,2,3,1,1,3,3,2,3,2,2,2,2,1,2,1,1,3,3,3,1,1,
member:450,4,4,2,4,3,1,1,3,3,3,2,3,1,3,1,2,2,2,2,2,1,3,1,3,3,3,1,2,2,3,2,2,3,4,3,3,2,3,4,3,2,4,2,2,2,3,3,2,2,2,2,1,1,4,3,3,2,4,3,3,2,3,3,2,1,3,2,3,2,2,2,2,2,2,2,2,2,3,1,3,3,4,3,2,2,2,1,2,2,2,3,3,2,3,2,2,2,3,3,3,
member:451,2,2,2,2,3,3,2,1,1,2,2,2,3,2,2,2,2,2,2,1,2,2,2,1,1,3,3,1,1,1,2,2,1,2,1,1,2,2,3,1,1,2,1,1,1,1,2,2,2,2,1,3,2,2,2,1,1,2,2,1,2,1,3,1,2,2,1,1,2,1,2,2,1,2,2,2,2,3,2,3,1,2,1,2,1,1,2,1,1,2,3,1,2,2,2,1,2,1,2,2,
member:452,3,3,1,3,1,2,3,2,3,2,1,1,2,2,3,1,1,1,4,2,3,2,2,3,3,1,2,4,4,3,4,2,3,3,2,2,1,2,1,3,2,3,2,2,3,4,1,2,1,1,2,3,2,3,2,2,3,3,2,3,1,2,1,2,3,2,2,2,1,2,4,1,2,1,1,4,1,1,3,1,3,2,2,4,3,2,2,3,2,2,1,2,1,2,1,3,4,4,2,2,
member:453,4,3,1,3,3,1,1,2,2,2,2,2,2,2,1,1,2,2,2,2,1,2,1,2,2,3,1,2,2,2,2,1,3,4,2,2,2,3,3,2,1,4,2,1,2,2,2,1,2,2,1,2,1,3,2,3,1,3,2,2,2,2,2,1,1,2,1,2,1,1,2,2,2,2,2,2,2,3,1,2,2,3,3,2,2,1,1,2,1,1,3,2,2,3,2,1,2,2,3,3,
member:454,3,2,2,2,1,2,2,2,3,1,1,1,2,2,2,2,1,1,3,2,2,1,2,2,3,1,2,3,3,3,4,1,3,3,1,2,1,2,2,3,2,3,2,2,3,3,1,2,1,1,2,2,2,3,1,2,3,2,1,3,1,1,1,2,2,1,2,2,1,2,3,1,2,1,2,4,1,1,3,1,3,2,2,4,3,2,2,2,2,1,1,2,1,2,1,3,4,3,2,2,
member:455,4,4,1,4,2,2,2,2,3,2,2,2,2,3,2,1,1,1,3,2,2,3,1,2,3,2,1,3,3,3,3,1,3,4,2,2,1,3,2,3,2,4,2,1,3,3,1,1,1,2,2,2,2,4,2,3,3,4,3,3,2,2,2,1,2,3,2,2,1,2,3,2,2,2,1,4,2,2,3,1,3,3,3,3,3,1,2,2,2,1,1,3,1,3,2,3,3,3,3,3,
member:456,1,1,3,1,3,3,3,1,1,1,1,2,4,2,3,3,3,3,2,1,3,2,3,1,1,2,4,2,2,2,2,3,2,2,1,1,2,1,3,2,2,1,1,2,2,2,2,3,2,2,2,4,3,1,2,1,2,1,1,2,1,1,2,2,3,1,2,1,3,2,2,2,1,2,3,3,2,2,2,2,2,1,1,2,2,2,3,2,2,2,2,1,2,1,1,2,2,2,2,2,
member:457,2,2,3,2,4,3,2,2,1,3,3,3,3,3,2,3,3,3,1,2,3,3,2,1,1,4,3,1,1,1,1,2,1,2,2,2,3,3,4,1,2,2,2,2,2,1,4,3,3,3,2,3,2,2,3,2,1,3,3,1,3,3,4,2,2,3,2,2,3,2,1,3,2,3,3,1,3,4,2,4,1,3,2,1,1,2,3,1,2,3,4,2,3,3,3,1,2,1,3,3,
member:458,4,4,2,4,3,1,1,2,3,3,2,3,1,3,1,2,2,2,2,2,1,3,1,2,3,3,1,2,2,2,2,2,3,4,3,3,2,3,4,3,1,4,2,1,1,2,3,2,2,2,2,1,1,4,3,3,2,4,3,3,2,2,3,2,1,3,2,2,2,1,2,3,2,2,3,2,2,3,1,3,3,3,3,2,2,2,1,2,1,2,3,3,2,3,2,2,1,2,3,3,
member:459,4,4,1,4,3,1,1,3,3,3,2,2,1,3,1,1,1,1,2,3,1,3,1,3,3,2,1,3,2,3,2,1,3,4,3,3,2,3,3,3,2,4,2,2,2,3,2,1,1,3,2,1,1,4,3,4,2,4,3,3,2,3,2,2,1,3,2,3,1,2,2,2,3,2,2,3,2,2,2,2,3,4,3,2,2,2,1,2,2,2,2,3,2,3,2,2,2,3,3,3,
member:460,4,3,1,4,2,2,2,2,3,2,2,2,2,3,2,1,1,1,3,2,2,3,1,2,3,2,1,3,3,2,3,1,3,4,2,2,1,3,2,3,1,4,2,1,3,3,1,1,1,2,1,2,2,4,2,3,2,3,3,3,2,2,1,1,2,3,2,2,1,1,3,2,2,2,1,3,2,2,2,1,3,3,3,3,3,1,1,2,1,1,2,3,1,3,2,2,3,3,3,3,
member:461,3,3,2,3,3,2,1,1,2,2,2,2,2,3,1,2,2,2,1,1,1,3,1,1,2,3,2,1,1,1,2,1,2,3,2,2,2,2,4,2,1,3,1,1,1,1,3,2,2,2,1,2,1,3,2,2,1,3,2,2,2,2,3,1,1,2,1,1,2,1,1,2,1,2,2,2,2,3,1,3,2,2,2,2,1,1,1,1,1,2,3,2,2,2,2,1,2,1,2,2,
member:462,4,4,1,4,2,1,2,2,3,3,2,2,1,3,2,1,1,1,3,2,2,3,1,2,3,2,1,2,2,2,3,1,3,4,2,2,1,3,2,2,1,4,2,1,2,2,1,1,1,2,1,1,1,4,2,3,2,4,3,2,2,2,2,1,1,3,2,2,1,1,3,2,2,2,1,3,2,2,2,2,3,3,3,3,2,1,1,2,1,1,2,3,1,3,2,2,3,2,3,3,
member:463,3,2,3,3,4,2,2,2,2,3,3,4,2,4,2,3,3,3,1,2,2,4,2,2,2,4,2,1,1,1,1,3,2,3,3,3,3,3,5,1,2,3,2,2,1,1,4,3,3,3,2,2,2,3,3,2,1,3,3,1,3,3,4,3,2,3,2,2,3,2,1,3,2,3,3,1,3,4,1,4,2,3,3,1,1,3,2,2,2,3,4,2,3,3,3,1,1,1,3,4,
member:464,1,1,3,2,2,3,3,1,2,1,1,1,4,1,3,3,3,3,3,1,3,1,3,2,2,2,4,3,3,3,3,3,3,2,1,1,2,1,2,3,2,2,1,2,3,3,2,3,2,1,2,4,3,2,1,1,2,1,1,3,1,1,2,2,3,1,2,2,3,2,3,2,2,2,3,4,2,2,2,2,3,1,1,3,3,2,3,2,2,2,2,1,2,1,1,3,3,3,1,1,
member:465,2,2,3,2,2,3,2,1,2,1,1,1,3,1,2,2,2,2,3,1,3,1,2,2,2,2,3,3,3,2,3,2,2,2,1,1,2,1,2,2,2,2,1,2,2,3,2,3,2,1,2,3,2,2,1,1,2,2,1,2,1,1,2,2,2,1,1,1,2,2,3,1,1,1,2,3,1,2,2,2,2,1,1,3,2,2,3,2,2,2,2,1,2,1,1,2,3,3,1,1,
member:466,3,3,2,3,1,3,3,2,3,1,1,1,3,2,3,2,1,1,4,2,3,2,2,3,3,1,2,4,4,3,4,2,3,3,2,2,1,2,1,4,2,3,2,2,4,4,1,2,1,1,2,3,3,3,1,2,3,3,2,4,2,2,1,2,3,2,3,2,2,2,4,1,3,2,1,4,2,1,3,1,4,2,2,4,4,2,3,3,2,2,1,2,1,2,1,4,4,4,2,2,
member:467,1,1,3,1,3,4,3,1,1,2,2,2,4,2,3,3,3,3,2,2,3,2,3,1,1,3,4,2,2,1,2,3,1,1,1,1,2,2,3,1,2,1,2,2,2,1,3,3,3,2,2,4,3,1,2,1,2,2,2,1,2,1,3,2,3,2,2,1,3,2,2,2,2,2,3,2,2,3,3,3,1,2,1,2,2,2,3,2,2,2,3,1,2,2,2,2,2,1,2,2,
member:468,1,1,4,1,3,4,3,2,1,2,2,2,4,2,3,3,3,3,2,2,4,2,3,2,1,3,4,2,2,2,2,3,1,1,2,2,3,2,3,2,3,1,2,3,3,2,3,4,3,2,3,4,3,1,2,1,2,1,1,2,2,2,2,3,3,2,2,2,3,3,2,2,2,2,3,2,2,2,3,3,2,1,1,2,2,3,4,2,3,3,3,1,3,2,2,2,3,2,2,2,
member:469,2,2,2,2,2,3,2,1,2,1,1,1,3,1,2,2,2,2,3,1,2,1,2,2,2,1,3,3,3,3,3,2,3,2,1,1,1,1,2,3,1,2,1,1,3,3,2,2,2,1,2,3,2,2,1,1,2,2,1,3,1,1,1,1,2,1,2,2,2,2,3,1,2,1,2,4,1,1,2,1,3,2,1,3,3,1,2,2,1,1,1,1,1,1,1,3,3,3,1,1,
member:470,4,4,2,4,4,1,1,2,3,3,2,3,1,3,1,2,2,3,2,2,1,3,2,2,3,3,2,2,2,2,2,2,3,4,2,2,2,3,4,2,1,4,2,2,1,2,3,2,2,2,1,1,1,4,3,3,2,4,3,2,2,2,3,2,1,3,2,2,2,1,2,3,2,2,3,2,2,3,1,3,3,3,3,2,2,2,1,2,1,2,3,3,3,3,2,2,1,2,3,3,
member:471,3,2,2,2,4,2,2,2,1,3,3,3,3,3,1,2,3,3,1,2,2,3,2,1,1,4,3,1,1,1,1,2,1,3,2,2,3,3,4,1,2,2,2,2,1,1,3,2,3,3,2,3,2,2,3,2,1,2,3,1,2,2,3,2,2,3,1,2,2,2,1,3,1,2,3,1,2,3,1,3,1,2,2,1,1,2,2,1,2,2,4,2,3,3,3,1,1,1,3,3,
member:472,2,2,2,2,2,3,2,1,2,1,1,1,3,1,2,2,2,2,3,1,3,1,2,2,2,2,3,3,3,2,3,2,2,2,1,1,2,1,2,2,2,2,1,2,2,3,2,3,2,1,1,3,2,2,1,1,2,2,1,2,1,1,2,2,2,1,1,1,2,2,3,1,1,1,2,3,1,2,2,2,2,1,1,3,2,2,3,2,2,1,2,1,1,1,1,2,3,3,1,1,
member:473,3,3,1,3,2,1,2,2,2,2,2,2,2,2,2,1,1,1,3,2,2,2,1,2,2,2,2,3,3,2,3,1,2,4,2,2,1,2,2,3,1,3,2,1,2,3,1,1,1,2,1,2,2,3,2,3,2,3,2,3,2,2,1,1,2,2,1,2,1,1,3,1,2,1,1,3,1,2,2,1,2,3,3,3,3,1,1,2,1,1,2,2,1,3,1,2,3,3,2,2,
member:474,2,1,3,1,3,3,2,1,1,2,2,2,3,2,2,3,2,2,2,1,3,2,3,1,1,3,3,2,2,1,2,2,1,2,1,1,2,2,3,2,2,2,1,2,2,2,2,3,2,2,2,3,3,2,2,1,1,1,2,2,1,1,2,2,2,2,1,1,2,2,2,2,1,1,2,2,2,3,2,2,2,1,1,2,2,2,3,1,2,2,3,1,2,2,2,1,2,2,2,2,
member:475,2,1,3,2,2,3,2,1,2,1,1,1,3,1,2,2,2,2,3,1,3,1,3,2,2,2,3,3,3,2,3,2,2,2,1,1,2,1,2,3,2,2,1,2,3,3,2,3,2,1,2,3,2,2,1,1,2,1,1,3,1,1,2,2,2,1,1,1,2,2,3,1,2,1,2,3,1,2,2,2,3,1,1,3,3,2,3,2,2,2,2,1,2,1,1,2,3,3,1,1,
member:476,3,3,1,3,2,2,1,1,2,2,1,2,2,2,1,1,1,1,2,1,2,2,1,1,2,2,2,2,2,2,3,1,2,3,1,1,1,2,3,2,1,3,1,1,2,2,2,2,1,1,1,2,1,3,1,2,2,3,2,2,1,1,2,1,1,2,1,1,1,1,2,1,1,1,1,3,1,2,2,2,2,2,2,3,2,1,2,1,1,1,2,2,1,2,1,2,2,2,2,2,
member:477,2,1,3,1,3,3,3,1,1,2,2,2,4,2,2,3,3,3,2,1,3,2,3,1,1,3,3,2,2,1,2,2,1,2,1,1,2,2,3,1,2,2,1,2,2,2,2,3,2,2,2,4,3,1,2,1,2,1,2,1,2,1,3,2,2,2,2,1,2,2,2,2,1,2,3,2,2,3,2,3,1,2,1,2,1,2,3,1,2,2,3,1,2,2,2,1,2,2,2,2,
member:478,2,2,3,2,4,3,2,2,1,3,3,4,3,4,2,3,3,3,1,3,3,4,2,2,2,4,3,1,1,1,1,3,1,2,3,3,3,3,5,1,2,2,2,2,2,1,4,3,3,3,2,3,2,2,3,3,1,3,3,1,3,3,4,3,2,3,2,2,3,2,1,4,2,3,3,1,3,4,2,4,1,3,3,1,1,3,3,2,2,3,4,2,3,3,3,1,2,1,3,4,
member:479,1,1,3,1,3,4,3,2,1,2,2,3,4,3,3,3,3,3,2,2,3,3,3,2,1,3,4,2,2,2,2,3,1,1,2,2,3,2,4,1,3,1,2,2,3,2,3,4,3,2,2,4,3,1,2,2,2,2,2,1,2,2,3,3,3,2,2,2,3,2,2,3,2,2,3,2,2,3,3,3,1,2,2,2,2,3,3,2,2,2,3,1,2,2,2,2,3,2,2,3,
member:480,3,3,2,3,4,2,1,2,2,3,2,3,2,3,1,2,2,3,1,2,1,3,2,2,2,3,2,1,1,1,1,2,2,3,2,2,2,2,4,2,2,3,2,2,1,1,3,2,3,3,1,2,1,3,3,2,1,3,2,2,2,2,3,2,1,3,1,1,2,1,1,3,1,2,3,2,2,3,1,3,2,2,2,1,1,2,1,1,2,2,3,2,3,2,2,1,1,2,3,3,
member:481,2,1,3,1,3,3,2,1,1,2,2,2,3,3,2,3,2,2,1,1,3,3,3,1,1,3,3,1,1,1,2,2,1,2,2,1,2,2,4,1,2,2,1,2,2,1,3,3,2,2,2,3,3,2,2,1,1,2,2,1,2,2,3,2,2,2,1,1,2,2,1,2,1,2,2,2,2,3,2,3,1,2,2,2,1,2,3,1,2,2,3,1,2,2,2,1,2,1,2,2,
member:482,3,3,2,3,1,3,3,2,4,2,2,1,3,2,3,2,2,2,4,2,3,2,3,3,3,1,3,4,4,4,5,2,4,3,2,2,2,2,1,4,3,3,3,3,4,4,1,2,2,2,3,3,3,3,2,2,4,2,2,4,2,2,1,2,3,2,3,3,2,3,4,1,3,2,1,5,2,1,4,1,4,2,2,5,4,2,3,3,3,2,1,3,2,2,2,4,4,4,2,2,
member:483,4,4,2,4,3,1,1,3,3,3,3,3,1,3,1,2,2,2,3,3,1,3,1,3,3,3,1,3,3,3,2,2,3,5,3,3,2,3,4,3,2,4,3,2,2,3,3,1,2,3,2,1,1,4,3,4,2,4,3,3,3,3,3,2,1,3,2,3,2,2,3,2,3,2,2,2,2,3,2,3,3,4,4,2,3,2,1,2,2,2,3,3,2,4,2,2,2,3,3,3,
member:484,3,3,3,2,5,2,2,3,2,4,4,4,2,4,2,3,3,4,1,3,2,4,3,2,2,5,3,1,1,2,1,3,2,3,3,3,3,4,5,1,3,3,3,3,1,1,4,3,4,4,2,2,2,3,4,3,2,3,3,1,3,3,4,3,2,4,2,3,3,3,1,4,2,3,4,1,3,4,2,4,2,3,3,1,1,3,2,2,3,3,5,3,4,4,3,1,1,1,4,4,
member:485,3,2,2,2,1,2,2,1,3,1,1,1,2,1,2,2,1,1,3,1,2,1,2,2,2,1,2,3,3,3,4,1,3,3,1,1,1,2,2,3,2,3,2,2,3,3,1,2,1,1,2,2,2,2,1,2,3,2,1,3,1,1,1,1,2,1,2,2,1,2,3,1,2,1,2,4,1,1,3,1,3,2,2,4,3,1,2,2,2,1,1,2,1,2,1,3,3,3,2,2,
member:486,3,2,2,2,3,2,2,1,1,2,2,2,3,2,1,2,2,2,2,1,2,2,2,1,1,3,3,1,1,1,2,2,1,3,1,1,2,2,3,1,1,2,1,1,1,1,2,2,2,2,1,3,2,2,2,2,1,2,2,1,2,1,3,1,2,2,1,1,2,1,2,2,1,2,2,2,2,3,1,3,1,2,2,2,1,1,2,1,1,2,3,1,2,2,2,1,2,1,2,2,
member:487,1,1,4,1,3,4,4,2,2,2,2,2,5,2,3,4,4,4,2,2,4,2,4,2,2,3,4,2,2,2,2,3,1,1,2,2,3,2,3,2,3,1,2,3,3,2,3,4,3,2,3,5,4,1,2,1,3,1,2,2,2,2,3,3,3,2,3,2,3,3,2,2,2,3,4,3,3,3,3,3,2,1,1,3,2,3,4,2,3,3,3,2,3,2,2,2,3,2,2,2,
member:488,3,2,2,2,4,2,2,2,1,2,2,3,3,3,1,2,2,3,1,2,2,3,2,1,1,3,2,1,1,1,1,2,2,3,2,2,2,2,4,1,1,3,1,2,1,1,3,2,2,2,1,3,2,2,3,2,1,2,2,1,2,2,3,2,1,2,1,1,2,1,1,3,1,2,3,2,2,3,1,3,1,2,2,1,1,2,2,1,1,2,3,2,3,2,2,1,1,1,2,3,
member:489,4,3,1,3,1,2,2,2,3,2,2,2,2,3,2,1,1,1,3,2,2,3,2,2,3,2,2,3,3,3,4,1,3,4,2,2,1,3,2,3,2,4,2,2,3,3,1,1,1,2,2,2,2,4,2,3,3,3,2,3,2,2,1,1,2,3,2,2,1,2,3,2,2,2,1,4,2,2,3,1,3,3,3,4,3,1,2,2,2,1,1,3,1,3,2,3,3,3,3,3,
member:490,2,1,3,1,3,3,3,1,1,2,2,2,4,3,2,3,3,3,1,1,3,3,3,1,1,3,3,1,1,1,2,2,1,2,2,1,2,2,4,1,2,2,1,2,2,1,3,3,2,2,2,4,3,1,2,1,2,2,2,1,2,2,3,2,2,2,2,1,2,2,1,2,1,2,3,2,2,3,2,3,1,2,2,2,1,2,3,1,2,2,3,1,2,2,2,1,2,1,2,2,
member:491,3,3,1,3,1,2,3,2,3,2,1,2,2,2,3,1,1,1,4,2,3,2,2,3,3,1,2,3,3,3,4,2,3,3,2,2,1,2,1,3,2,3,2,2,3,3,1,2,1,2,2,2,2,3,2,3,3,3,2,3,1,2,1,2,2,2,2,2,1,2,4,1,2,1,1,4,1,1,3,1,3,3,3,4,3,2,2,3,2,1,1,2,1,2,1,3,4,3,2,2,
member:492,2,2,2,2,3,2,2,1,1,2,2,2,3,2,2,2,2,2,2,1,2,2,2,1,1,3,3,2,2,1,2,2,1,3,1,1,2,2,3,2,1,2,1,1,1,2,2,2,2,2,1,3,2,2,2,2,1,2,2,2,1,1,2,1,2,2,1,1,2,1,2,2,1,2,2,2,2,3,1,2,1,2,2,2,2,1,2,1,1,1,3,1,2,2,2,1,2,2,2,2,
member:493,2,2,2,2,1,3,2,2,3,1,1,1,3,1,2,2,2,2,3,2,2,1,2,2,3,1,3,3,3,3,4,2,3,2,1,2,1,1,2,3,2,2,2,2,3,3,1,2,1,1,2,3,2,2,1,2,3,2,1,3,1,1,1,2,2,1,2,2,2,2,3,1,2,1,2,4,1,1,3,1,3,2,2,4,3,2,2,2,2,1,1,2,1,1,1,3,4,3,1,1,
member:494,4,3,1,3,2,1,2,2,3,2,2,2,1,3,2,1,1,1,3,2,2,3,1,2,3,2,1,3,2,2,3,1,3,4,2,2,1,3,2,2,1,4,2,1,2,2,1,1,1,2,1,1,1,4,2,3,2,3,2,2,2,2,2,1,1,3,2,2,1,1,3,2,2,2,1,3,2,2,2,2,3,3,3,3,2,1,1,2,1,1,2,3,1,3,2,2,3,2,3,3,
member:495,2,2,2,2,3,3,2,1,1,2,2,2,3,2,2,2,2,2,2,1,2,2,2,1,1,3,3,1,1,1,2,2,1,2,1,1,2,2,3,1,1,2,1,1,1,1,2,2,2,2,1,3,2,2,2,2,1,2,2,1,2,1,3,1,2,2,1,1,2,1,2,2,1,2,2,2,2,3,1,3,1,2,2,2,1,1,2,1,1,2,3,1,2,2,2,1,2,1,2,2,
member:496,2,2,3,2,2,3,2,2,3,1,1,1,3,1,2,3,2,2,3,2,3,1,3,2,3,1,3,3,3,3,4,2,3,2,1,1,2,1,2,3,2,2,2,2,3,3,2,3,2,1,2,3,3,2,1,2,3,1,1,3,1,1,2,2,2,1,2,2,2,2,3,1,2,1,2,4,1,1,3,2,3,1,1,4,3,2,3,2,2,2,2,2,2,1,1,3,3,3,1,1,
member:497,1,1,3,1,2,4,3,2,2,1,2,2,4,1,3,3,3,3,3,2,3,1,3,2,2,2,4,3,2,2,3,3,2,1,1,1,2,1,2,2,3,1,2,2,3,2,3,3,3,2,2,4,3,1,1,1,2,1,1,2,2,2,2,3,3,1,2,2,3,2,3,2,2,2,3,3,2,2,3,2,2,1,1,3,2,2,3,2,2,2,2,1,2,1,2,2,3,2,1,1,
member:498,4,4,2,4,4,1,1,2,3,3,2,3,1,3,1,2,2,3,2,2,1,3,2,2,3,3,2,2,2,2,2,2,3,4,3,3,2,3,4,3,2,4,2,2,1,2,3,2,3,3,2,1,1,4,3,3,2,4,3,3,2,2,3,2,1,3,2,2,2,1,2,3,2,2,3,2,2,3,1,3,3,3,3,2,2,2,1,2,2,2,3,3,3,3,2,2,1,2,3,3,
member:499,5,4,1,4,3,1,1,3,3,3,3,3,1,3,2,1,1,2,3,3,1,3,1,3,3,2,1,3,3,3,3,1,4,5,3,3,2,4,3,3,2,5,3,2,2,3,2,1,2,3,2,1,1,4,3,4,2,4,3,3,3,3,2,2,1,3,2,3,1,2,3,2,3,2,2,3,2,2,2,2,3,4,4,2,3,2,1,2,2,2,2,3,2,4,3,2,2,3,4,3,
