tick,executed task,wasted task,communication time,executed time,waiting time,all executed time,leader count,member count,allocate area 0 member,allocate area 1 member,allocate area 2 member,allocate area 3 member
0,0,0,0.0,0.0,0.0,0.0,1,136,0,0,0,0
100,19,4,1.8155609331254436,1.5818333333333334,1.643333333333333,4.113166666666666,59,78,24,31,25,22
200,56,120,2.056991307786112,1.5154047619047617,4.546214285714286,6.947285714285716,17,120,55,43,113,70
300,116,105,1.895606651132332,0.7790000000000002,6.4869682539682545,8.182619047619049,43,94,116,76,218,111
400,128,68,2.0050224527299263,0.9756453823953822,5.048420995670996,8.591132395382395,45,92,157,63,171,113
500,121,29,1.9579898803819338,1.0288549783549785,4.454914862914863,8.315246031746033,38,99,126,76,180,134
600,111,33,1.8769580259319514,0.9169444444444445,5.166507936507936,7.923992063492062,43,94,98,44,206,112
700,122,25,1.8481971865991609,0.8269458874458878,4.707806277056277,7.7966176046176034,45,92,75,73,234,150
800,100,24,1.825147295552894,1.0588051948051949,5.079622294372292,7.300641774891777,42,95,53,48,209,92
900,84,4,1.8400922761521659,1.2839484126984126,5.844722222222222,6.863876984126984,42,95,47,49,201,90
1000,69,4,1.7780209719249107,1.4985930735930735,5.205367965367966,6.224791125541126,43,94,37,44,153,86
1100,96,0,1.7737632064296518,1.1860634920634923,3.780373015873015,6.641809523809522,45,92,72,61,193,94
1200,93,0,1.8030412169104215,1.04234126984127,3.3703015873015856,6.566285714285715,44,93,86,72,175,96
1300,92,1,1.7912304792787361,1.1622579365079369,3.924249999999999,6.6634126984126985,44,93,85,56,191,88
1400,70,0,1.794383027852142,1.6759523809523802,5.396285714285714,6.936809523809522,42,95,42,39,164,57
1500,63,5,1.7572005481220652,1.7517857142857145,3.8278690476190476,6.331880952380954,43,94,33,35,155,65
1600,74,0,1.7473779056110594,1.4282380952380953,3.873380952380951,6.544285714285712,44,93,37,50,169,91
1700,70,1,1.7610380538018402,1.576357142857143,3.5354523809523806,6.232595238095237,43,94,43,39,146,89
1800,70,3,1.7416319830643143,1.6652857142857147,3.3858809523809525,6.249880952380953,43,94,58,41,111,78
1900,60,0,1.7258482123174104,1.4141666666666668,3.3394166666666667,6.1226666666666665,43,94,69,38,107,73
2000,61,2,1.777901577573176,1.4510476190476191,3.6822380952380946,5.937261904761906,42,95,54,33,106,78
2100,61,2,1.6534009705642012,1.781261904761905,3.0867857142857145,6.2472619047619045,43,94,47,32,111,73
2200,47,2,1.7717825742827293,1.7639999999999998,3.165333333333334,6.025666666666666,42,95,50,28,77,49
2300,73,2,1.669176447594871,1.2895833333333335,3.145238095238095,6.160904761904761,43,94,65,49,144,86
2400,62,2,1.6493515254790032,1.3398412698412698,3.1300396825396826,5.546904761904761,44,93,45,30,122,81
2500,74,4,1.7131369344219036,1.4475714285714283,3.3999047619047618,6.318869047619047,44,93,57,47,145,92
2600,79,0,1.6640420539274003,1.4801396103896105,3.6087034632034642,6.3652575757575764,44,93,63,46,134,94
2700,72,6,1.6868674711301315,1.6410952380952382,4.207404761904762,6.652285714285714,45,92,52,46,140,84
2800,70,0,1.687507623040198,1.4012380952380954,3.795214285714286,5.975202380952381,43,94,33,41,132,80
2900,79,3,1.6224019174068918,1.2113015873015878,3.6748849206349194,6.546607142857144,44,93,60,48,152,99
3000,77,1,1.7069693685587748,1.386575396825397,3.458384920634921,6.372674603174603,45,92,72,57,149,89
3100,80,3,1.693430470844351,1.3454682539682543,3.1123373015873024,6.346238095238095,45,92,70,55,172,90
3200,69,0,1.7261339601999675,1.4483174603174607,3.20997619047619,6.194634920634922,42,95,56,36,117,74
3300,70,0,1.6860943002009026,1.3447738095238102,3.450916666666666,5.689476190476189,45,92,55,38,142,75
3400,79,0,1.6661375797571223,1.3344523809523812,3.07415873015873,6.166059523809524,44,93,57,48,146,91
3500,68,0,1.6522678768288017,1.7354642857142857,3.3351190476190475,6.17179761904762,42,95,54,52,118,70
3600,48,2,1.6504869638083164,1.8503571428571428,2.795202380952381,5.716142857142858,42,95,40,31,82,62
3700,53,3,1.6970806378526142,1.9981904761904763,4.412690476190474,5.917619047619047,43,94,41,33,102,62
3800,66,2,1.6908401189843907,1.5206626984126985,4.311539682539682,6.187845238095235,43,94,58,43,134,79
3900,69,2,1.6832821431116671,1.43125,3.6378690476190485,5.9412142857142864,45,92,44,34,148,81
4000,82,3,1.6496043255027053,1.439761904761905,4.065912698412699,6.384071428571428,45,92,61,52,165,95
4100,70,2,1.6648613536140793,1.5022467532467538,3.5916071428571428,6.133983766233765,43,94,35,41,142,85
4200,73,2,1.6648690651187763,1.375765873015873,4.096682539682537,6.135817460317458,45,92,44,48,167,96
4300,69,2,1.6876123857891523,1.2928888888888892,3.8996111111111116,6.158555555555555,43,94,44,45,149,66
4400,75,2,1.6617597114385254,1.3421428571428573,3.634369047619048,5.873210317460319,45,92,63,47,156,83
4500,75,5,1.642719999903539,1.6539551282051281,3.3781501831501832,6.143426739926741,42,95,48,37,135,81
4600,56,2,1.6783969485656132,1.6253571428571432,3.874452380952381,5.83007142857143,42,95,43,19,131,64
4700,59,1,1.6691090998084144,1.645785714285714,3.7763650793650796,5.8490793650793655,45,92,42,40,131,90
4800,79,2,1.6015188843673667,1.2509880952380954,3.685619047619048,6.563654761904762,43,94,55,46,161,82
4900,63,0,1.68110422690169,1.5599603174603174,3.987773809523809,6.06588888888889,44,93,41,36,146,63
5000,65,1,1.655387422415176,1.539654761904762,4.160353174603175,6.096511904761906,44,93,46,30,145,68
5100,81,0,1.6254699122857068,1.4782142857142861,3.8892817460317457,6.350674603174602,45,92,64,45,169,89
5200,78,1,1.6187954358669185,1.2821904761904763,3.507277777777779,6.133428571428572,44,93,59,46,157,88
5300,71,0,1.650479475424076,1.527309523809524,4.549333333333333,6.280261904761903,43,94,51,43,124,88
5400,74,0,1.621264201104111,1.4279761904761903,3.6584999999999996,6.514714285714284,44,93,61,47,148,79
5500,59,2,1.6241257799178086,1.7809523809523808,3.885595238095238,6.147404761904761,43,94,44,24,136,56
5600,68,1,1.5920419192385697,1.676126984126984,3.9008571428571424,6.307992063492063,45,92,60,44,144,83
5700,83,1,1.5957175462541344,1.528978937728938,4.109046703296704,6.778945970695971,45,92,66,48,171,84
5800,84,1,1.5791474307123434,1.360164502164502,3.8585663780663784,5.918571789321789,45,92,62,46,186,90
5900,86,2,1.5978068504385743,1.2550238095238095,3.7272023809523813,6.274523809523811,45,92,61,47,176,102
6000,82,1,1.61651268495432,1.4275992063492062,3.9863293650793667,6.205944444444446,43,94,66,39,173,81
6100,63,4,1.6902314279659865,2.0624285714285717,4.127226190476191,6.543083333333333,45,92,56,47,122,69
6200,77,1,1.5927435660607008,1.3775992063492066,4.095750000000001,6.335142857142857,44,93,62,43,162,83
6300,80,3,1.5909976071042156,1.3220595238095236,3.988944444444445,6.128499999999999,44,93,66,44,161,82
6400,74,1,1.5634282317656498,1.3171904761904765,3.51495238095238,5.955333333333332,44,93,55,54,145,90
6500,73,1,1.5660775930726023,1.455607142857143,3.9764166666666654,6.608261904761904,43,94,55,56,148,77
6600,73,0,1.5720389894883473,1.3842738095238096,3.923440476190476,5.975440476190478,44,93,65,40,144,81
6700,74,1,1.5282199336489362,1.3613333333333335,4.128000000000001,6.279714285714285,45,92,58,41,160,87
6800,69,1,1.6280710483042982,1.726047619047619,4.355571428571428,6.3219761904761915,44,93,35,45,140,72
6900,77,0,1.5897270334559273,1.4909292929292928,4.073638167388168,6.366423520923522,43,94,60,46,159,71
7000,65,3,1.5851532336792744,1.7317142857142855,4.163357142857142,6.176071428571427,42,95,55,30,142,60
7100,54,0,1.616838517916452,1.6966428571428571,4.080285714285715,5.9054761904761905,44,93,32,32,113,59
7200,71,3,1.5503391715007446,1.4446688311688314,4.4523463203463205,6.241023809523808,44,93,48,32,166,87
7300,72,0,1.550187238166385,1.6536785714285722,4.057503968253968,6.2825158730158694,44,93,61,33,160,84
7400,66,0,1.5664093797183845,1.6042857142857145,4.098476190476191,5.8460238095238095,42,95,42,28,139,82
7500,62,0,1.5766493858417308,1.7293214285714287,4.183333333333334,6.2389761904761905,44,93,49,31,133,77
7600,68,3,1.5531933573319099,1.496952380952381,3.842833333333334,6.0495238095238095,43,94,47,30,144,77
7700,53,0,1.5226058165679313,2.060452380952381,4.274285714285715,6.186452380952382,42,95,30,28,111,56
7800,43,1,1.5598306733816718,1.9301587301587302,4.03297619047619,5.524246031746031,38,99,23,30,85,41
7900,35,0,1.6209412668848602,1.3775,2.0028809523809525,4.283809523809524,44,93,32,29,80,45
8000,74,4,1.5538126603344775,1.2356666666666667,3.678142857142857,5.932761904761906,44,93,47,46,165,84
8100,78,2,1.5119815854206788,1.349150793650794,3.8942380952380944,5.841087301587301,44,93,46,32,165,86
8200,71,4,1.5146307280744562,1.3413589466089468,3.439252164502164,5.837854978354978,45,92,55,41,158,86
8300,83,1,1.5414271411522864,1.4107947330447328,4.120332251082251,6.309276695526694,45,92,64,53,179,90
8400,85,0,1.5402037641148092,1.3562857142857143,3.972912698412699,6.033539682539685,43,94,59,50,178,83
8500,64,1,1.5798816571988183,1.6137738095238097,4.517714285714288,6.027797619047621,42,95,57,30,142,54
8600,50,1,1.6276844014731333,1.905333333333333,4.0875,6.060666666666667,43,94,29,32,107,38
8700,67,3,1.565625338428744,1.4019404761904763,3.1260119047619046,5.510273809523809,43,94,50,49,127,69
8800,66,0,1.5910799479338977,1.2764325396825396,3.8776309523809527,5.547984126984128,43,94,54,45,133,58
8900,71,1,1.588950159950651,1.5911349206349208,3.705365079365079,6.064920634920634,45,92,58,41,164,64
9000,82,2,1.5709266338645316,1.3739285714285714,3.6703809523809525,6.374023809523808,44,93,53,42,166,87
9100,75,0,1.5537160311172113,1.5887301587301585,4.212746031746032,6.300484126984124,45,92,54,50,155,95
9200,81,2,1.5803031074975595,1.3094007936507936,3.9830515873015884,6.391420634920634,45,92,55,46,187,89
9300,74,4,1.5703211442347018,1.4330476190476196,3.4571626984126977,6.254190476190476,44,93,56,46,166,72
9400,78,0,1.5433806870705797,1.2934841269841268,3.4854206349206347,6.392611111111112,44,93,61,43,175,75
9500,72,1,1.5686905261204647,1.666261904761905,3.101988095238096,6.553571428571429,43,94,53,38,153,63
9600,64,2,1.5666475833890054,1.8101666666666665,4.053999999999999,6.170666666666666,45,92,38,35,141,76
9700,75,2,1.584354600174408,1.510960317460318,3.81797619047619,6.258123015873017,44,93,51,43,161,73
9800,81,0,1.552619470132088,1.6126038961038958,4.359123015873017,6.505525252525254,45,92,57,45,181,78
9900,82,3,1.5705157461670165,1.2754880952380956,4.563341269841268,6.43885714285714,45,92,60,44,187,80
10000,83,2,1.5713566537182484,1.1242222222222222,3.7237936507936498,6.506,45,92,61,56,186,93
10100,74,1,1.5328059158838316,1.498218253968254,4.593099206349207,6.15859126984127,42,95,56,37,164,66
10200,52,1,1.6396887927563384,1.7758333333333332,3.9148333333333336,5.500166666666667,41,96,44,21,109,41
10300,60,1,1.5735199359021306,1.7143333333333337,3.825833333333334,5.534083333333334,42,95,36,32,138,66
10400,48,1,1.6369526835569197,1.849880952380952,3.918595238095238,5.657571428571429,43,94,23,34,96,59
10500,69,1,1.5353745297407337,1.6920873015873017,4.044119047619048,6.025265873015875,43,94,48,41,145,67
10600,65,1,1.5442103227573099,1.7522142857142853,4.705476190476193,6.219380952380951,43,94,45,44,137,56
10700,61,0,1.596256050273346,1.6146904761904763,3.91397619047619,5.780226190476189,42,95,37,42,129,72
10800,58,2,1.6024608062991141,1.531,3.8571666666666657,5.580666666666666,44,93,45,37,108,67
10900,59,0,1.5624830247808439,1.7440952380952377,4.018571428571428,5.8932619047619035,41,96,36,42,126,52
11000,54,0,1.5762261877940307,1.977714285714286,4.306,6.0930238095238085,44,93,30,33,125,70
11100,66,3,1.609891885704974,1.7180411255411259,4.499676406926407,6.223436147186147,43,94,38,36,145,69
11200,64,2,1.5525102692586206,1.484047619047619,2.91129761904762,5.649154761904762,43,94,39,37,146,76
11300,63,2,1.5422194310992021,1.581519841269842,3.9734404761904742,5.864718253968253,43,94,37,35,133,77
11400,59,2,1.6389313201831643,1.763,3.8824999999999994,5.827833333333332,42,95,28,31,107,70
11500,52,1,1.6028423261988505,1.6095079365079366,3.3639126984126984,5.456190476190476,42,95,39,46,108,53
11600,56,0,1.5660496214487736,1.9006071428571432,4.088535714285714,5.986738095238095,43,94,39,32,145,41
11700,65,4,1.5665716195328734,1.4711666666666665,3.052452380952381,5.497166666666667,43,94,38,40,139,68
11800,66,2,1.5559720901665708,1.3453571428571427,3.3882142857142843,5.793892857142858,43,94,46,46,142,72
11900,74,2,1.519110457063198,1.2503809523809526,3.3331547619047615,5.7689166666666685,44,93,57,34,175,68
12000,69,1,1.544751998352785,1.3959285714285716,3.1449166666666666,5.960916666666667,44,93,45,39,173,65
12100,67,1,1.5266476491639742,1.4975833333333335,4.0873333333333335,6.009595238095237,43,94,46,41,141,72
12200,66,1,1.550443331876326,1.352904761904762,3.8233333333333333,5.703666666666667,42,95,38,36,138,79
12300,53,1,1.6604704839342646,1.6261666666666668,3.1919166666666667,5.386749999999999,43,94,30,31,123,51
12400,69,1,1.5555781356550569,1.7208333333333332,4.195357142857142,6.213250000000001,43,94,47,25,161,75
12500,69,0,1.5244259010749637,1.5710714285714282,3.8573571428571434,5.931285714285712,44,93,35,32,163,82
12600,69,1,1.5574899017804174,1.5281428571428566,4.457404761904761,6.122476190476191,44,93,38,39,154,87
12700,78,1,1.544684474934844,1.7632619047619047,3.5269999999999997,6.357678571428572,43,94,48,42,184,88
12800,67,1,1.564844217042937,1.4783809523809526,3.459452380952381,6.087404761904764,44,93,55,21,171,56
12900,80,3,1.5461531961042163,1.3684126984126987,4.077916666666666,6.221873015873016,43,94,45,41,184,95
13000,55,5,1.5895278917482194,1.8093690476190474,4.224333333333335,5.909226190476191,42,95,38,29,117,64
13100,57,1,1.5898298377254358,1.4390476190476194,3.0393690476190485,5.568249999999999,44,93,33,39,133,65
13200,71,1,1.6022790468060952,1.5913214285714283,4.846857142857143,5.971702380952382,44,93,38,22,164,69
13300,82,1,1.533528221239751,1.1915238095238094,3.9705119047619046,6.057904761904762,45,92,50,42,190,88
13400,90,2,1.5245943798335286,1.1060728715728714,3.97078354978355,6.05578823953824,44,93,52,35,200,90
13500,73,1,1.508993501230109,1.47022619047619,3.828488095238096,6.077734126984126,43,94,46,36,193,86
13600,64,2,1.5911550368064844,1.666261904761905,4.18797619047619,6.413321428571428,44,93,46,42,148,57
13700,73,2,1.5365555455208764,1.5941309523809528,4.483797619047619,6.5023809523809515,44,93,50,44,167,72
13800,64,2,1.5932255986349886,1.4167539682539685,4.154579365079366,5.809492063492064,43,94,32,34,137,71
13900,69,1,1.568597950122379,1.579325396825397,4.210206349206349,6.114658730158733,44,93,44,49,157,82
14000,74,1,1.5169022081896637,1.588138888888889,3.7463253968253976,6.142523809523807,44,93,44,41,167,85
14100,57,3,1.5813896916547594,1.6152857142857142,3.9221190476190464,5.802404761904763,42,95,27,39,121,51
14200,58,3,1.54879877007005,1.978047619047619,4.065535714285715,6.076428571428572,43,94,31,39,128,71
14300,64,0,1.522028725631724,1.6709285714285715,4.090404761904762,5.837190476190477,43,94,32,39,144,78
14400,75,2,1.5164168590416782,1.5098492063492066,4.256238095238096,6.111484126984126,45,92,45,36,181,88
14500,70,2,1.5630435749681844,1.5162142857142853,4.324999999999999,5.901345238095238,42,95,41,34,166,57
14600,58,2,1.5808921613844868,1.757,4.380857142857142,5.9245,43,94,43,24,149,37
14700,60,3,1.576037002486531,1.5246190476190475,3.9695357142857146,6.113666666666667,43,94,44,33,157,40
14800,50,1,1.5941513518258938,1.9496666666666664,4.8693333333333335,5.764499999999999,42,95,28,19,143,30
14900,69,1,1.561076598547661,1.566924603174603,4.038785714285714,6.134869047619048,45,92,45,37,175,79
15000,70,1,1.5497459349139886,1.8383809523809527,3.544142857142857,5.6476904761904745,43,94,24,28,167,75
15100,82,1,1.5258457509780683,1.4801396103896107,4.417963203463203,6.329098484848487,44,93,52,30,200,85
15200,78,1,1.4726022333254454,1.1872023809523808,2.8773095238095237,5.777392857142856,44,93,55,42,180,84
15300,76,3,1.4929170319827614,1.2746904761904767,3.260083333333333,6.063416666666666,45,92,37,41,154,87
15400,63,2,1.551339931880793,1.5250357142857143,4.020190476190476,5.80052380952381,42,95,34,20,168,53
15500,68,2,1.5536082660850292,1.4990396825396823,4.034865079365078,6.206277777777777,43,94,33,40,170,67
15600,55,0,1.555361037339751,1.866853174603175,4.866976190476191,5.794428571428572,43,94,36,18,162,45
15700,69,3,1.527701543353769,1.4727857142857146,3.713595238095236,6.075559523809525,44,93,47,31,172,57
15800,66,2,1.552910863348102,1.693964285714286,4.069535714285713,5.83672619047619,43,94,38,31,161,65
15900,69,1,1.5579453469622724,1.7498571428571426,4.806321428571428,6.186674603174603,44,93,38,42,166,70
16000,69,3,1.5822112084548303,1.706107142857143,4.769912698412698,6.311738095238095,44,93,46,44,173,79
16100,84,0,1.5487706275202882,1.1552619047619046,3.984488095238096,6.014321428571428,45,92,43,37,195,97
16200,83,2,1.5067106838878903,1.3335,3.970630952380952,6.387107142857144,45,92,44,42,191,95
16300,86,1,1.4918798323175388,1.226964285714286,4.028928571428572,6.106738095238097,45,92,45,39,196,93
16400,81,2,1.5348263760678835,1.292837301587302,4.12295634920635,6.074849206349207,45,92,49,43,200,89
16500,84,1,1.4728380805569727,1.2890714285714286,3.4100357142857147,6.079142857142856,45,92,39,42,201,95
16600,78,3,1.5257051711722878,1.1156904761904767,3.1997380952380956,5.850531746031744,44,93,45,33,187,81
16700,76,1,1.5277963668744243,1.767857142857143,4.484309523809524,6.23777380952381,44,93,38,26,185,71
16800,75,1,1.517387418749575,1.237111111111111,3.791694444444444,5.971527777777778,43,94,38,39,182,84
16900,65,2,1.55189770930502,1.6374880952380955,3.664952380952382,5.99910714285714,44,93,44,36,158,61
17000,73,2,1.5618153297837196,1.4015198412698415,4.295865079365079,6.026880952380952,44,93,48,21,188,57
17100,64,1,1.5347909951944607,1.4841746031746035,4.1505396825396845,5.848587301587303,43,94,40,28,164,62
17200,79,2,1.4768069254052876,1.446321428571429,4.1421309523809535,6.30507142857143,44,93,41,45,186,93
17300,73,1,1.5451094049571426,1.367126984126984,3.991984126984127,5.89988888888889,44,93,39,39,173,90
17400,71,5,1.566445000195881,1.5702738095238096,4.447202380952381,6.136202380952384,42,95,29,35,154,77
17500,55,0,1.576331289446114,1.7147857142857137,3.2260119047619042,5.8402738095238105,44,93,22,41,137,67
17600,65,1,1.5696169960280701,1.526996031746032,3.469416666666668,6.007972222222221,43,94,29,31,156,78
17700,72,2,1.5170438501352548,1.5609285714285717,4.616202380952379,6.137321428571428,44,93,42,27,172,80
17800,77,1,1.475513065196666,1.4781706349206347,3.8914365079365076,5.866694444444445,44,93,36,34,181,85
17900,73,1,1.554563593940013,1.4669722222222228,3.4304722222222224,6.100015873015873,41,96,44,36,165,78
18000,43,2,1.6402070727447122,2.0953333333333335,3.6404999999999994,5.859000000000001,44,93,19,32,105,50
18100,67,3,1.5615788009967766,1.668047619047619,3.972238095238095,5.958158730158731,44,93,35,30,170,55
18200,65,2,1.5209188602654549,1.6183809523809523,4.1733095238095235,6.0128571428571425,44,93,41,19,171,61
18300,64,4,1.536842530591711,1.6034365079365085,3.485642857142857,5.830111111111111,44,93,33,31,159,68
18400,60,1,1.58627304447728,2.066285714285714,4.018142857142856,6.001952380952382,44,93,36,38,135,72
18500,69,4,1.537945748012411,1.407714285714286,3.357238095238095,5.7837619047619055,45,92,36,38,151,79
18600,69,0,1.4908914527383175,1.438936507936508,3.2697301587301593,5.909539682539682,44,93,30,39,172,78
18700,68,2,1.4872614434439262,1.5772614052614051,3.597033050283051,5.823504606504606,45,92,31,33,159,78
18800,68,1,1.5360288424458737,1.74581746031746,3.4323492063492065,5.913690476190476,44,93,34,32,146,75
18900,71,1,1.4949330811090837,1.4847261904761906,3.0632261904761906,5.596285714285714,44,93,37,39,152,87
19000,56,2,1.5000944942226675,1.6227380952380954,3.027738095238096,5.473642857142858,43,94,30,33,122,69
19100,61,0,1.485876054972453,1.8957070707070707,3.9212070707070716,6.321727272727274,45,92,33,36,146,67
19200,64,1,1.5250061339331673,1.7064047619047624,4.0289761904761905,5.9193333333333324,42,95,24,37,143,75
19300,58,1,1.5312509194623012,1.6970436507936517,3.739206349206348,5.589809523809524,45,92,24,45,141,67
19400,74,1,1.515357909684829,1.4930555555555558,4.294265873015873,6.29688095238095,45,92,37,47,178,84
19500,78,2,1.545763787338774,1.491440476190477,3.8739761904761907,6.023214285714285,45,92,34,34,179,91
19600,62,0,1.5607362739640749,1.6058333333333334,3.467202380952381,5.762226190476191,43,94,28,27,135,74
19700,65,1,1.5540316933897123,1.8023333333333331,4.81613492063492,6.094333333333331,45,92,25,36,159,81
19800,72,2,1.5589096793280064,1.7011980519480525,4.330503968253968,6.313661255411256,43,94,34,35,167,77
19900,52,0,1.5536867156727332,1.7714444444444444,3.996333333333332,5.453777777777777,42,95,15,25,120,64
20000,51,2,1.5694393025395266,1.7561666666666667,2.9859999999999998,5.4030000000000005,44,93,23,29,109,66
20100,65,1,1.5712385523906425,1.5969642857142865,3.8246309523809527,6.041333333333334,45,92,37,48,148,77
20200,67,1,1.526048473359754,1.6827777777777777,4.750166666666667,6.111444444444444,44,93,23,36,159,76
20300,73,1,1.4999590212601572,1.5708809523809524,3.8236428571428562,5.97757142857143,45,92,37,36,173,74
20400,69,2,1.5163581260659114,1.6639880952380957,3.959523809523808,6.00502380952381,45,92,35,41,160,81
20500,71,2,1.525274806965663,1.4687467532467537,4.195292207792208,6.1951753246753265,45,92,31,47,165,75
20600,78,0,1.5167531746656127,1.6215119047619049,4.185630952380953,6.242654761904762,45,92,38,40,183,87
20700,72,1,1.5043896925740976,1.5712460317460315,4.552634920634919,6.209412698412699,45,92,34,39,171,85
20800,75,1,1.5250686217641578,1.4812261904761905,3.7073690476190477,5.9766071428571435,45,92,31,36,170,82
20900,69,2,1.5314294006895608,1.6225357142857144,3.5502976190476185,5.948428571428573,45,92,34,40,168,85
21000,67,3,1.5230457249192133,1.501071428571428,3.3104285714285715,5.804952380952382,43,94,34,31,151,72
21100,56,0,1.531683998059937,1.7931309523809518,3.925,5.827309523809524,44,93,30,18,142,62
21200,67,2,1.4989146549890242,1.8711666666666666,4.561880952380953,6.362464285714286,45,92,32,42,163,84
21300,74,2,1.4826654441682618,1.3635,2.9789047619047606,5.6215238095238105,43,94,31,33,164,94
21400,60,0,1.4828929581204573,1.5369166666666672,3.186892857142857,5.590404761904761,44,93,24,39,147,80
21500,59,3,1.5362380959082949,1.5183095238095237,3.8601666666666676,5.933476190476188,44,93,35,42,142,61
21600,64,2,1.5128574539527961,1.3855555555555554,4.418904761904761,5.899587301587302,43,94,27,39,152,65
21700,54,1,1.5028728743763053,1.784142857142857,3.4319166666666674,5.674238095238095,44,93,18,33,133,61
21800,70,4,1.535129662897789,1.3439880952380958,4.10154761904762,5.968654761904761,45,92,34,31,171,76
21900,74,4,1.5147438518717744,1.3818095238095238,4.090309523809524,5.858011904761907,45,92,32,41,169,87
22000,75,2,1.5246252929612094,1.6167420634920635,3.6234999999999995,6.211599206349205,45,92,41,36,173,84
22100,68,6,1.5546902436639272,1.3737633477633477,4.359783910533911,5.695528860028857,44,93,32,33,174,72
22200,64,2,1.5510060870991176,1.8266158008658007,4.450305194805194,6.205777056277058,44,93,29,37,161,64
22300,70,1,1.52209030189382,1.9036352813852806,4.413989177489176,6.416436147186146,44,93,34,34,164,82
22400,56,1,1.5486497409146391,1.647321428571428,3.8546904761904766,5.6462142857142865,44,93,23,24,145,65
22500,70,0,1.5143706017903553,1.536801587301588,3.8700912698412697,6.138781746031748,45,92,37,33,174,81
22600,68,1,1.5194119636586967,1.517404761904761,4.357412698412698,6.03348015873016,44,93,27,39,172,78
22700,59,2,1.5571552321518516,1.4306904761904766,4.461333333333332,5.4488571428571415,44,93,28,20,149,55
22800,55,2,1.5850093905459515,1.801361111111111,4.737777777777778,6.225999999999999,43,94,23,39,139,55
22900,66,3,1.5120494413807464,1.6984577922077926,4.252094155844157,6.131235930735929,45,92,30,39,168,71
23000,72,3,1.5277718024380824,1.346396825396826,3.927305555555555,5.8080952380952375,44,93,40,38,167,78
23100,69,3,1.5400757294535976,1.607043650793651,4.134373015873015,6.225309523809524,45,92,37,40,167,86
23200,73,2,1.5341929138695674,1.3977857142857146,4.011507936507937,5.783944444444445,44,93,36,38,174,80
23300,58,2,1.5837800031271119,1.9650952380952378,4.266309523809523,6.384166666666666,43,94,36,33,139,50
23400,55,1,1.580239159545668,1.9336190476190476,4.331095238095237,6.0773809523809526,43,94,35,34,145,38
23500,42,2,1.621507081915033,2.1169523809523803,4.29795238095238,5.6605476190476205,42,95,31,24,102,32
23600,47,1,1.5908531520844744,1.7215,2.953166666666667,5.532666666666667,43,94,27,40,95,53
23700,59,2,1.563540039581921,1.8626666666666665,4.14,6.160500000000001,43,94,29,33,140,57
23800,48,1,1.5728779604180831,1.728722222222222,3.3458333333333337,5.454888888888889,41,96,27,30,91,55
23900,24,0,1.5875084381992273,1.9243333333333335,2.0199999999999996,4.032,42,95,10,6,90,18
24000,58,0,1.4981844362147538,1.8201626984126984,3.7429126984126992,5.7405793650793635,43,94,23,25,149,67
24100,53,0,1.4698703361873913,1.542031746031746,3.847952380952381,5.2801904761904765,44,93,23,22,149,56
24200,67,0,1.5130948645561162,1.3853214285714288,3.802357142857143,5.724357142857143,43,94,35,34,148,73
24300,56,0,1.475437858957448,1.6786428571428567,4.464166666666667,5.640333333333333,43,94,26,19,156,59
24400,62,1,1.4898173150520315,1.683107142857143,3.552285714285714,5.71925,44,93,25,27,149,75
24500,49,0,1.5204222761376878,1.719666666666667,3.8640000000000003,5.523666666666667,43,94,27,25,117,43
24600,48,3,1.5885827690603926,1.8423571428571426,3.7779523809523794,5.715357142857143,42,95,21,26,130,44
24700,54,4,1.5789424319863585,2.032857142857143,5.023785714285713,6.165404761904762,43,94,33,30,144,48
24800,50,2,1.5996998318285052,1.7874365079365075,3.6987301587301578,5.542571428571429,44,93,28,32,105,54
24900,75,1,1.476380960889145,1.3348333333333338,3.574642857142858,5.719238095238094,45,92,27,35,172,85
25000,72,2,1.5217507187858488,1.5624761904761908,4.433277777777778,6.081507936507936,44,93,23,38,170,79
25100,69,3,1.5278322063890544,1.6115952380952379,3.6619484126984134,5.711742063492063,45,92,26,38,178,81
25200,71,1,1.5077332389746703,1.4847063492063497,4.010825396825398,5.970015873015873,45,92,31,31,170,82
25300,72,3,1.5029642463227624,1.5028253968253975,3.9558253968253974,6.0069365079365085,44,93,29,40,172,73
25400,65,2,1.4928696127115555,1.3946071428571432,3.5828928571428564,5.9429404761904765,45,92,31,32,168,75
25500,70,2,1.4981015651863385,1.6409325396825394,4.431329365079366,6.029142857142856,44,93,34,31,175,78
25600,58,4,1.576345164234784,1.6593333333333333,3.6918333333333333,5.937499999999999,44,93,29,31,144,66
25700,62,0,1.5178269799974637,1.5949682539682535,3.471357142857143,6.0861349206349225,44,93,25,38,149,74
25800,59,0,1.5040239722794484,1.7889523809523808,4.250130952380952,5.6498928571428575,42,95,28,29,149,64
25900,52,1,1.5213750375463304,1.9394682539682537,3.8036746031746045,6.191063492063491,45,92,29,41,120,66
26000,69,0,1.5074955924970785,1.5414999999999999,3.993944444444444,5.94875,43,94,28,44,161,72
26100,58,3,1.5946887803625902,1.5116031746031755,3.700333333333333,5.698714285714286,44,93,30,30,112,72
26200,57,0,1.5047128814049693,1.3974761904761903,3.179214285714286,5.260142857142857,42,95,23,40,125,70
26300,51,2,1.5579348906185928,1.758571428571429,2.9709761904761907,5.256785714285715,44,93,29,34,92,68
26400,71,0,1.4770435052131285,1.4385238095238098,3.7353571428571435,5.740833333333333,45,92,30,37,168,84
26500,74,2,1.49356306527464,1.390719696969697,3.602330086580088,6.135064935064935,45,92,37,39,170,83
26600,73,0,1.4817206733008672,1.3570714285714283,3.68697619047619,6.042571428571429,44,93,32,42,170,86
26700,67,1,1.5025881046507947,1.6149285714285717,4.252690476190476,5.927916666666667,44,93,34,35,162,81
26800,65,3,1.48175423011961,1.692238095238095,4.607642857142857,6.2139999999999995,45,92,28,31,162,83
26900,72,2,1.4748992690343519,1.4351904761904766,3.5737142857142867,6.1979523809523815,43,94,30,44,180,90
27000,56,0,1.422452163949768,1.62052380952381,3.889309523809524,5.397761904761906,44,93,15,26,116,78
27100,71,1,1.4791859200982347,1.6329999999999998,3.3462857142857145,5.897952380952379,45,92,31,37,178,84
27200,74,4,1.4876983254348826,1.370412698412699,3.2852658730158733,5.662555555555556,44,93,32,39,173,86
27300,60,4,1.5057176018417848,1.6768333333333334,4.388773809523809,5.880785714285713,45,92,42,30,157,61
27400,76,1,1.4753511007671036,1.4836428571428573,3.845880952380952,6.037559523809524,45,92,32,35,171,88
27500,72,2,1.4877174835119724,1.287281746031746,3.908281746031746,5.9420753968253965,44,93,30,36,162,87
27600,68,1,1.4917637262508348,1.6269761904761908,4.130904761904763,6.232285714285715,45,92,26,32,160,88
27700,74,0,1.4648451901572783,1.731273809523809,3.8887023809523806,6.154511904761904,44,93,35,39,170,85
27800,61,0,1.5080080252202652,1.469857142857143,3.0978333333333334,5.533238095238097,43,94,28,32,142,75
27900,58,2,1.553857872383444,1.7840714285714288,3.736285714285714,5.778309523809523,45,92,36,24,154,43
28000,71,2,1.510288034648867,1.24818253968254,3.1752420634920635,5.763373015873015,43,94,34,35,163,85
28100,56,1,1.5760398610216309,1.890119047619048,4.063642857142857,6.017309523809525,43,94,16,30,124,76
28200,61,1,1.531788850458443,1.402365079365079,3.060285714285714,5.373603174603175,45,92,27,37,147,86
28300,70,0,1.4911999832239624,1.376642857142857,4.011071428571428,6.051452380952383,45,92,33,40,149,86
28400,75,1,1.5370580809161527,1.4582579365079367,3.669619047619047,6.149297619047619,45,92,39,44,178,90
28500,77,0,1.5143008830803881,1.4535952380952377,4.307119047619047,6.159738095238094,44,93,37,42,175,88
28600,69,2,1.52002733825722,1.399547619047619,3.731869047619048,5.740999999999999,45,92,27,39,152,83
28700,73,1,1.4796426504533509,1.55084126984127,3.523924603174604,6.210857142857142,45,92,38,45,174,90
28800,71,0,1.5169843684775808,1.4508809523809527,3.9533452380952383,5.865142857142856,44,93,33,41,153,79
28900,69,2,1.5057183175961706,1.4127023809523818,4.10047619047619,6.042416666666665,45,92,33,37,177,78
29000,81,0,1.4893958051010727,1.235321428571429,3.247821428571429,5.936539682539683,45,92,38,38,180,85
29100,77,1,1.5166496458205676,1.5965999278499279,3.821363275613276,6.075530663780663,45,92,35,40,178,92
29200,76,1,1.4594425124363648,1.2284642857142858,3.312845238095239,6.178583333333335,45,92,37,44,187,84
29300,72,0,1.4453974589297807,1.830154761904762,3.94352380952381,6.181238095238097,43,94,25,23,154,86
29400,53,2,1.5071725296235567,1.6415952380952386,3.0299523809523805,5.459738095238095,44,93,26,30,124,65
29500,61,0,1.517289348336596,1.7208412698412696,3.791805555555556,5.71881746031746,43,94,19,28,134,72
29600,66,4,1.499813296274033,1.521793650793651,4.196357142857142,5.892908730158731,45,92,34,41,169,87
29700,66,1,1.4987834410839356,1.5253214285714287,4.133809523809525,5.962821428571428,42,95,31,34,155,70
29800,53,0,1.4422659604922732,1.772333333333333,3.6671666666666676,5.605333333333333,43,94,14,17,132,62
29900,54,0,1.5027104655094257,1.7220833333333334,3.5265833333333334,5.802333333333333,44,93,22,33,142,60
30000,66,1,1.4440759249739852,1.6305317460317463,4.0968809523809515,6.0283968253968245,44,93,20,37,161,80
30100,73,4,1.5041730859978726,1.2538849206349207,2.9210793650793643,5.57822619047619,45,92,33,42,172,92
30200,72,3,1.4757103404595862,1.4159285714285712,4.498071428571427,5.985261904761904,45,92,35,33,173,81
30300,71,1,1.4675649715288892,1.4986507936507933,3.6712896825396824,5.652071428571428,43,94,26,34,161,84
30400,47,2,1.55577627468415,1.7588333333333335,3.3216666666666663,5.0183333333333335,42,95,22,24,100,47
30500,54,0,1.4707859479660497,1.6872936507936507,3.569896825396825,5.449055555555556,44,93,16,27,145,71
30600,66,1,1.4794370472384701,1.5439538239538235,4.165709235209236,5.879788600288601,44,93,21,36,156,84
30700,64,1,1.4838454409764936,1.7275317460317465,4.441468253968255,5.970722222222222,44,93,21,25,152,74
30800,56,1,1.4976342590190501,1.920214285714286,3.7688333333333337,5.559869047619047,42,95,20,28,143,57
30900,52,1,1.492999664375067,1.7836666666666665,4.04695238095238,5.633857142857142,44,93,22,26,144,57
31000,63,0,1.4985374851012079,1.4221746031746036,4.489511904761906,5.91745634920635,43,94,23,32,160,70
31100,43,2,1.486045066902068,1.9160238095238098,4.177309523809524,5.406000000000001,43,94,13,9,118,48
31200,60,0,1.45549148726242,1.6269126984126987,3.507714285714286,5.85079365079365,44,93,19,31,161,80
31300,66,2,1.478966648774278,1.8343809523809527,4.6367142857142865,6.192976190476193,44,93,19,26,166,77
31400,57,0,1.5201953502462282,1.6841388888888886,3.767007936507936,6.100174603174602,43,94,23,30,149,58
31500,57,1,1.494886112570755,1.736952380952381,4.407833333333334,6.0905476190476175,44,93,22,36,157,64
31600,63,1,1.4769737566478467,1.5086746031746028,3.835507936507936,5.956992063492064,44,93,18,35,148,67
31700,70,2,1.4825447428207517,1.3789761904761901,2.935583333333333,5.739456349206349,45,92,22,38,167,83
31800,74,0,1.497240238363771,1.7254642857142855,3.753416666666667,6.364595238095239,45,92,41,45,173,83
31900,66,0,1.4845116315279834,1.530690476190476,4.27352380952381,5.615297619047619,44,93,28,31,144,75
32000,73,1,1.4786549165183913,1.471428571428571,3.602988095238095,6.189119047619047,45,92,35,37,167,85
32100,73,1,1.4639972752666899,1.40797619047619,3.771154761904762,6.11070238095238,43,94,29,40,170,85
32200,50,0,1.4851764064971582,1.8503809523809525,4.278119047619048,5.489928571428571,44,93,24,20,121,57
32300,70,1,1.4715281979978143,1.6629246031746032,3.440658730158731,5.801369047619047,43,94,27,30,159,90
32400,55,1,1.4935695699567177,1.458738095238095,3.1703571428571427,5.637976190476191,43,94,16,23,142,71
32500,65,4,1.4770109769566122,1.5880187590187589,3.677621933621933,5.9393809523809535,44,93,30,31,161,83
32600,65,1,1.4929974226970015,1.628031746031746,3.31013492063492,5.815849206349206,44,93,28,38,150,66
32700,70,1,1.5182342682158845,1.4155833333333332,4.137952380952382,6.209880952380953,45,92,37,35,162,86
32800,74,3,1.5245207067587545,1.4683452380952382,3.76304761904762,5.807071428571428,44,93,38,32,158,85
32900,62,0,1.4954783385193737,1.896293650793651,4.151103174603175,5.854031746031747,43,94,29,32,130,83
33000,64,0,1.4611610125017156,1.857714285714286,4.004654761904763,5.720511904761904,43,94,25,32,129,86
33100,45,0,1.5524610191910133,1.8492142857142857,3.359321428571428,5.094023809523808,43,94,29,18,104,52
33200,63,2,1.5310155336591893,1.4405490620490622,4.324610750360749,5.642979437229436,44,93,33,37,148,76
33300,67,0,1.4905159170863496,1.789892857142857,4.626440476190476,5.853857142857143,44,93,30,27,156,65
33400,55,0,1.5472440694846639,2.2440324675324668,4.502371212121212,6.372297619047618,43,94,31,27,145,39
33500,50,0,1.5320825013225206,1.7976904761904757,4.852833333333334,5.734785714285716,42,95,29,27,136,33
33600,30,0,1.5933692778490256,2.1158333333333332,3.6470000000000002,4.816666666666666,41,96,9,10,99,21
33700,42,0,1.5035866447784978,1.8832142857142853,3.6885238095238093,5.307333333333333,43,94,27,20,123,35
33800,50,2,1.5226577756793238,2.0340833333333332,4.606583333333334,5.958916666666668,43,94,34,22,132,37
33900,46,1,1.5170414790097555,1.8628095238095235,4.509047619047619,5.904226190476191,42,95,27,24,128,31
34000,49,1,1.5011455923906,1.9398015873015877,4.626587301587303,6.079706349206351,45,92,21,38,138,59
34100,78,0,1.4431516752714413,1.186555555555556,3.9484365079365076,6.091849206349207,45,92,34,40,180,96
34200,69,0,1.4683735647397365,1.6516428571428574,3.826452380952382,6.141095238095238,44,93,36,40,165,72
34300,67,2,1.5126005227135904,1.7745238095238094,4.458845238095237,6.096678571428571,44,93,28,38,156,76
34400,58,3,1.5055940660650697,1.584535714285714,3.4351904761904763,5.580880952380952,44,93,17,31,129,80
34500,67,0,1.4735937805390942,1.7407103174603173,3.915257936507936,5.860289682539683,44,93,31,40,124,90
34600,60,2,1.512762973651641,1.4346428571428573,3.0397857142857148,5.519547619047619,43,94,33,38,132,78
34700,62,4,1.4905164342635087,1.6011309523809525,4.132523809523809,5.804821428571428,43,94,20,33,141,60
34800,50,0,1.4954989669820424,1.7148809523809525,3.866547619047619,5.634666666666667,42,95,17,35,120,55
34900,60,1,1.507319874563087,1.725817099567099,4.049488095238096,5.605984848484849,44,93,25,36,140,79
35000,62,0,1.5042037958331234,1.4252261904761907,3.1331785714285716,5.372619047619047,43,94,35,33,144,66
35100,52,0,1.5465449612886386,1.746166666666667,3.327,5.346333333333333,43,94,24,31,109,62
35200,54,2,1.4946629560095044,1.863642857142857,4.049761904761906,5.785571428571429,44,93,26,31,127,64
35300,64,1,1.5411157880234954,1.5210476190476192,4.018642857142857,6.031095238095239,44,93,34,41,133,72
35400,57,2,1.5313839957287088,1.6111904761904763,3.8536666666666672,5.517333333333333,43,94,25,31,123,57
35500,63,1,1.530233378184859,1.85125,4.021912698412699,6.128575396825397,43,94,31,37,140,66
35600,57,0,1.5210510659166223,1.7310714285714284,3.925857142857142,5.955714285714286,44,93,33,28,144,62
35700,66,3,1.4491439897307528,1.7932142857142856,4.59797619047619,5.661404761904762,45,92,27,26,154,83
35800,67,2,1.4762930358533415,1.743869047619048,3.8253690476190485,5.999047619047619,44,93,22,31,154,93
35900,70,1,1.4746147392931583,1.3818809523809525,3.668154761904762,5.792642857142855,44,93,34,36,169,80
36000,66,3,1.4834619585342341,1.5672738095238095,4.061511904761906,6.201499999999999,44,93,29,37,144,84
36100,66,2,1.4898852874113169,1.5651309523809525,3.008761904761904,5.721678571428571,45,92,35,36,153,81
36200,67,4,1.4686519509227034,1.5901991341991346,3.8608863636363635,5.7732088744588745,44,93,27,33,154,78
36300,69,1,1.4362600982019862,1.591420634920635,4.1762500000000005,5.887146825396826,45,92,26,27,173,88
36400,75,3,1.4965162723721788,1.4355000000000002,4.409000000000001,5.979000000000001,45,92,35,38,173,82
36500,72,4,1.4983833396931783,1.5702500000000001,4.308892857142857,6.074309523809522,45,92,33,41,166,80
36600,75,1,1.480755233279684,1.5550714285714293,4.150380952380952,6.116678571428572,44,93,35,45,172,93
36700,65,0,1.5204526775436864,1.4963809523809521,4.569476190476191,5.967297619047617,44,93,32,46,145,80
36800,64,2,1.5114424152583612,2.0507738095238097,5.070904761904762,6.457535714285716,44,93,19,32,155,73
36900,63,0,1.5017559229098838,1.7156388888888887,4.776555555555555,5.998055555555555,44,93,39,27,173,51
37000,66,2,1.4794938123999986,1.63672619047619,3.3175,5.998916666666665,45,92,32,32,158,75
37100,73,0,1.4862558569820374,1.368928571428571,4.478424603174602,6.068091269841272,45,92,40,34,173,80
37200,78,0,1.441488132074867,1.191333333333334,3.2759761904761904,5.8395238095238104,44,93,39,51,181,103
37300,62,2,1.5072705480348552,1.6226111111111106,4.074182539682542,6.101476190476189,45,92,19,33,151,78
37400,70,3,1.4922179509015674,1.4404166666666667,4.280404761904762,5.777309523809524,43,94,39,28,169,65
37500,60,0,1.5041979723337164,1.6374523809523809,4.493142857142857,6.13704761904762,45,92,39,33,150,70
37600,77,5,1.5306551592056659,1.4420999278499276,4.231680014430014,6.16938059163059,44,93,35,37,161,85
37700,65,2,1.4402044912893988,1.7391753246753243,4.549108225108225,5.825183982683982,44,93,27,27,145,87
37800,66,1,1.4896496912352024,1.4418571428571432,3.7035238095238094,5.912678571428573,45,92,30,45,136,85
37900,73,2,1.4753473331663454,1.4425000000000006,4.268083333333333,6.086166666666668,45,92,39,37,167,87
38000,65,0,1.5486967987112539,1.5543571428571428,4.217309523809523,5.854357142857142,43,94,25,35,124,91
38100,60,1,1.5340315846791028,1.4019761904761907,3.0791190476190473,5.791,44,93,29,39,117,76
38200,63,2,1.5045920054801842,1.3084365079365083,3.002714285714285,5.7363809523809515,43,94,28,31,140,71
38300,49,2,1.5010218838204272,2.023166666666667,3.6418333333333335,5.757833333333333,43,94,25,19,137,57
38400,48,1,1.5815630533436698,1.4431666666666667,3.2659166666666666,5.191833333333332,43,94,24,33,95,64
38500,59,3,1.5267581097104541,1.813642857142857,3.9718333333333335,5.822404761904761,43,94,32,32,123,81
38600,62,1,1.4513289347686762,1.7080555555555557,3.8084444444444445,5.991833333333333,45,92,34,34,138,84
38700,67,1,1.525075631681572,1.5733015873015868,3.3895833333333343,6.263488095238097,44,93,34,47,134,92
38800,73,2,1.4896843900887644,1.5010952380952383,4.112547619047619,5.912559523809524,45,92,38,39,165,84
38900,75,1,1.4828457110036755,1.43575,3.714000000000001,6.080583333333334,45,92,44,37,170,88
39000,74,2,1.4830583219711568,1.6238730158730164,4.26931746031746,6.1223253968253974,45,92,40,35,176,82
39100,71,1,1.4687606652451297,1.4051031746031757,4.116531746031747,6.0820873015873,45,92,36,36,164,90
39200,76,1,1.4836921298009986,1.4765833333333338,3.6716904761904767,6.1631904761904766,45,92,39,48,174,87
39300,70,3,1.5040536816160104,1.4327467532467535,3.5326341991341996,6.053514069264069,45,92,34,38,155,74
39400,48,2,1.5259606882334227,1.7655,3.594452380952381,5.772214285714288,44,93,19,35,121,47
39500,61,0,1.5037360898477017,1.6292619047619048,3.6439285714285705,5.451773809523809,45,92,30,32,153,64
39600,61,4,1.5313746979279133,1.3890952380952382,3.8622857142857145,5.460142857142857,44,93,27,40,142,67
39700,51,1,1.517948476847281,1.859738095238095,3.321809523809524,5.948880952380953,43,94,22,31,111,48
39800,40,0,1.5243802704373743,1.7096190476190474,3.6388809523809527,5.0102142857142855,43,94,13,19,98,47
39900,51,1,1.4650165216004,1.5117619047619044,2.704166666666666,5.007380952380953,44,93,23,31,126,62
40000,56,2,1.5387212867384565,1.8068571428571425,3.3649761904761903,6.033309523809525,44,93,27,37,123,58
40100,59,0,1.5110847454146745,1.6282142857142858,3.301761904761904,5.575571428571428,44,93,27,32,143,63
40200,55,0,1.466562598742528,1.8826904761904764,4.0216666666666665,6.0853095238095225,44,93,27,30,140,61
40300,57,1,1.5323208986438035,1.4825079365079363,3.4567619047619047,5.303134920634923,45,92,30,32,133,55
40400,43,3,1.6037074750833837,2.192190476190477,4.409809523809525,5.998928571428572,43,94,29,24,99,36
40500,58,0,1.469559196022523,1.3276190476190477,3.4197142857142864,5.366071428571429,45,92,29,38,140,61
40600,62,3,1.486915136036597,1.7475238095238088,3.7877857142857145,6.080904761904763,45,92,32,36,147,64
40700,67,1,1.4987686716842683,1.3591349206349208,4.014273809523811,5.891726190476192,45,92,36,43,158,73
40800,59,4,1.4750223919630778,1.5752857142857137,4.177674603174603,6.181095238095238,44,93,29,42,148,62
40900,55,1,1.5196367945407414,1.6704285714285714,3.666166666666667,6.037250000000001,43,94,21,36,124,58
41000,46,0,1.4833459707010712,1.7597500000000001,3.667166666666667,5.668000000000001,44,93,18,35,118,52
41100,59,0,1.4903953457875425,1.3640158730158738,4.219341269841269,5.6935079365079355,45,92,28,32,149,63
41200,65,0,1.5088584276397088,1.6555833333333332,3.9887142857142863,6.097833333333332,44,93,36,44,142,68
41300,50,1,1.513586526314247,1.8146428571428574,2.917190476190476,5.678071428571428,44,93,31,34,117,64
41400,54,2,1.4696667052000711,2.0395238095238093,5.136333333333332,6.125845238095237,44,93,21,30,129,63
41500,51,0,1.5020466545729738,1.925357142857143,3.8359523809523806,5.97157142857143,43,94,23,31,110,62
41600,43,0,1.466548622813882,1.7438333333333336,3.1559999999999997,5.358166666666665,43,94,18,32,99,61
41700,48,2,1.4820251802397106,1.9107777777777781,3.4587222222222223,5.05761111111111,44,93,16,25,113,59
41800,62,2,1.4849008484258734,1.5473809523809523,3.8999999999999995,5.711761904761904,45,92,29,31,154,63
41900,58,1,1.5253162927208084,1.5850714285714285,4.024523809523809,6.05547619047619,43,94,29,39,150,64
42000,43,2,1.5414206738633107,2.0910238095238096,4.005857142857143,6.025595238095238,42,95,17,32,120,43
42100,37,0,1.550074304398171,1.6717142857142853,2.881142857142857,5.159285714285713,44,93,24,28,88,36
42200,54,1,1.5178226557546342,1.8163214285714284,3.860011904761904,5.868880952380952,44,93,28,32,114,62
42300,56,1,1.5360369052802727,1.9264166666666656,4.072333333333334,6.209333333333332,43,94,28,37,139,61
42400,52,1,1.542674473541242,1.953,3.947833333333333,5.802166666666666,45,92,31,32,148,33
42500,55,2,1.5181389649461383,1.5045079365079363,3.266150793650794,5.463857142857142,43,94,29,31,110,57
42600,42,0,1.559246110300263,1.725190476190476,2.1435476190476193,5.505238095238095,43,94,27,32,81,53
42700,43,1,1.5416982314551333,1.9255000000000002,2.681166666666667,5.570833333333334,43,94,24,46,78,63
42800,40,2,1.5731560622309444,1.7318333333333333,2.4569999999999994,4.984,43,94,18,34,67,52
42900,41,2,1.5651742120011227,1.8435,2.5948333333333324,5.6119166666666676,42,95,24,46,72,63
43000,26,0,1.54575017556403,1.8773333333333333,1.582,3.9096666666666664,42,95,12,15,48,28
43100,37,1,1.5476398344091706,1.8438333333333334,2.6511666666666662,5.251000000000001,43,94,26,32,72,47
43200,43,0,1.5412735298158105,1.8960000000000001,3.294833333333333,6.0055000000000005,43,94,20,37,81,62
43300,44,0,1.5663778323585595,1.9170000000000003,3.2784166666666663,5.5494166666666676,43,94,25,41,75,56
43400,35,0,1.57150390766784,1.5205000000000002,2.4121666666666663,4.386333333333333,42,95,19,29,69,35
43500,34,2,1.5797952178320034,2.1833333333333336,3.1925,5.1575,42,95,14,22,84,30
43600,43,0,1.5185166108345374,1.514,2.9605,4.801333333333333,44,93,16,23,113,38
43700,57,2,1.4511905279709751,1.727809523809524,3.995595238095238,5.764714285714287,44,93,23,26,143,60
43800,56,0,1.4304472185636348,1.5033095238095233,3.164857142857143,5.403309523809523,44,93,25,28,143,64
43900,47,0,1.4419586475509851,1.9013333333333335,2.682166666666667,5.441000000000002,44,93,22,30,102,64
44000,57,1,1.4615575063136597,1.5458333333333334,4.022666666666667,5.861000000000001,45,92,28,33,134,66
44100,60,0,1.434485118116433,1.6890833333333335,3.9558333333333326,6.142511904761906,45,92,31,43,149,66
44200,58,1,1.4342594573289247,1.6412619047619055,3.3646547619047618,5.626059523809524,44,93,28,33,132,57
44300,62,2,1.4734677763077684,1.8357738095238099,3.7158095238095235,6.048988095238094,45,92,33,28,146,61
44400,64,1,1.4716415197660015,1.865190476190476,3.8082499999999997,5.868678571428571,45,92,25,38,156,62
44500,56,1,1.4562308535305535,1.679047619047619,3.2854761904761904,5.8465,44,93,23,34,137,62
44600,44,1,1.5063371911842165,1.8116666666666663,3.0308333333333333,5.649500000000001,42,95,12,35,113,51
44700,41,1,1.482763186979037,2.018166666666667,2.8658333333333332,5.408666666666665,44,93,13,27,87,53
44800,48,2,1.5110061439143723,1.7735238095238095,3.8552142857142853,5.637595238095238,43,94,18,22,131,44
44900,46,0,1.510547540557138,1.6314999999999997,4.34625,5.504833333333334,44,93,28,21,130,28
45000,58,0,1.4909829857004755,1.8500238095238095,3.8814523809523815,6.156285714285713,44,93,31,40,140,62
45100,54,2,1.4889732843520054,1.5964920634920636,4.550111111111111,6.2143015873015885,45,92,31,39,129,55
45200,64,1,1.4795518476180656,1.4984444444444442,3.6166031746031746,5.597833333333332,43,94,33,44,144,64
45300,50,0,1.4466370460942548,2.003,3.895333333333333,5.865333333333334,45,92,16,26,131,42
45400,55,0,1.4730591284565304,1.713952380952381,4.072452380952381,5.917571428571429,44,93,29,36,125,55
45500,56,2,1.4269900366869654,1.8194642857142853,3.51045238095238,5.914559523809523,44,93,27,32,140,63
45600,54,1,1.4704498800166743,1.5892896825396823,3.7446031746031747,5.97045634920635,44,93,30,35,124,67
45700,47,1,1.51896017866437,1.8133571428571431,2.781,5.770857142857142,43,94,24,37,81,59
45800,51,0,1.4969696768130436,1.76352380952381,3.408095238095238,5.56857142857143,43,94,33,36,117,58
45900,40,0,1.5064533592456366,1.322309523809524,2.3618571428571435,4.332166666666667,42,95,22,24,80,47
46000,39,1,1.550988903544823,1.7928333333333333,3.1426666666666665,5.303499999999999,44,93,26,30,78,50
46100,54,0,1.5068000087660707,1.558904761904762,3.5973809523809526,5.726047619047617,42,95,33,38,130,50
46200,34,1,1.5696344461094467,1.7983333333333331,3.1818333333333335,4.8405,44,93,25,12,103,18
46300,54,0,1.4516040461644184,1.7379523809523802,3.4002142857142843,5.687142857142856,45,92,30,37,124,61
46400,47,0,1.5374106541183852,1.4654761904761902,3.0573809523809525,5.532904761904763,42,95,20,28,115,39
46500,46,1,1.479392233360381,1.5486428571428568,2.7723095238095237,5.257190476190479,45,92,26,36,129,50
46600,51,2,1.5060470349409139,1.6841904761904762,4.038134920634921,5.567396825396826,43,94,23,27,125,42
46700,48,0,1.4705918439593184,1.6942023809523812,3.1027857142857145,5.297071428571429,44,93,17,30,126,44
46800,53,2,1.4845099222290887,1.7886190476190476,4.006440476190477,5.825726190476192,44,93,15,27,142,53
46900,52,1,1.4896751737317095,1.7438095238095241,4.213238095238095,5.5453809523809525,44,93,19,28,131,50
47000,54,1,1.4649238113456067,2.035250000000001,3.788583333333334,6.251166666666666,44,93,17,31,132,57
47100,50,1,1.4864026141426572,1.9806904761904758,3.6103571428571426,5.808261904761905,44,93,16,30,129,58
47200,53,2,1.4649898417812488,1.6000000000000003,3.9073333333333333,5.550333333333333,44,93,15,28,141,53
47300,53,1,1.4786601706388023,1.734,4.0035,5.853166666666666,44,93,16,26,135,55
47400,42,0,1.486140671929338,2.3018333333333336,3.8906666666666667,5.980000000000001,43,94,16,18,120,32
47500,51,1,1.52249491788878,1.8145833333333332,3.386000000000001,5.532416666666668,44,93,15,29,128,51
47600,50,0,1.506959759381175,1.7835238095238097,3.35797619047619,5.640523809523811,43,94,15,26,121,54
47700,44,1,1.5278301680836384,1.9736666666666671,3.454166666666667,5.779999999999998,44,93,16,29,121,47
47800,48,0,1.4855332252259532,1.9871547619047618,3.9186071428571427,5.574309523809525,42,95,6,28,120,53
47900,36,0,1.500474298676227,2.0498809523809522,3.2630238095238098,5.147071428571429,44,93,9,26,97,44
48000,55,0,1.4835441023840459,1.642547619047619,3.4006904761904764,5.964678571428573,45,92,30,38,123,66
48100,62,1,1.459049792854843,1.8115158730158731,3.9989682539682536,6.3970238095238106,45,92,33,40,143,67
48200,55,1,1.4943889208001742,1.5986666666666667,3.1145000000000005,5.695666666666666,43,94,26,34,130,53
48300,43,2,1.495126004084208,1.8088690476190479,2.6652261904761914,4.941869047619047,42,95,20,24,96,46
48400,34,0,1.5547804508013494,2.0356666666666663,2.0328333333333335,5.436000000000002,44,93,24,36,58,51
48500,67,0,1.4605682349822302,1.4145952380952382,3.0256309523809524,5.856642857142855,44,93,31,38,157,70
48600,43,1,1.490277444245155,2.0975,3.2704999999999997,5.660166666666666,44,93,29,20,110,29
48700,59,4,1.503161693143323,1.5500714285714292,2.523380952380952,5.637154761904762,45,92,34,29,146,56
48800,57,1,1.521556914779905,1.8525000000000003,3.9211666666666662,5.82,44,93,30,21,148,45
48900,56,1,1.4382914670435114,1.6025,4.063964285714286,5.440583333333333,44,93,32,36,146,43
49000,58,1,1.5106386599576362,1.6693571428571425,4.136761904761904,5.746476190476191,45,92,29,22,152,44
49100,59,0,1.493260597109531,1.6163571428571424,3.775309523809524,5.671238095238095,44,93,30,37,129,67
49200,47,2,1.5261798413245435,1.7206904761904764,3.3828571428571426,5.4439285714285734,43,94,25,36,95,57
49300,47,1,1.4924358544743979,1.9638333333333333,3.5728333333333335,5.832166666666665,44,93,23,36,95,61
49400,47,1,1.4813064771426057,1.980666666666667,3.8944999999999994,5.5361666666666665,43,94,22,25,116,35
49500,49,2,1.5115000246611447,1.5855833333333333,3.589916666666667,5.418916666666666,44,93,26,28,122,50
49600,62,0,1.460333554327894,1.40372619047619,3.6630119047619054,5.484,44,93,26,33,139,65
49700,47,0,1.4877541810840518,1.6735714285714283,3.4673809523809522,5.262928571428572,43,94,24,28,105,49
49800,46,2,1.5329386825727178,1.68225,2.7886666666666673,5.339583333333334,44,93,25,30,102,50
49900,49,0,1.4864205877264407,1.4548571428571435,2.9615000000000005,5.289880952380953,42,95,30,34,95,64
50000,37,1,1.4872730895975252,1.8406666666666665,2.7489999999999997,4.726999999999999,45,92,22,22,82,53
