Agent ID,Area ID,x,y,Resource: 1,Resource: 2,Resource: 3,Resouce Average,Leader Evaluation,Member Evaluation,Allocated Subtasks,Refused Subtasks,Member Count,Leader Count
118,0,10,23,1,2,2,1.6666666666666667,0.3203956998995744,0.14355169285363942,165,0,50134,99867
272,0,15,47,4,1,2,2.3333333333333335,0.4551735206175197,0.23004388293149303,664,0,44992,105009
292,0,48,40,1,2,5,2.6666666666666665,0.2655300449792586,0.2084951058050474,94,0,37595,112406
296,0,22,36,3,5,1,3.0,0.4027222232477287,0.19698737843820763,117,0,42631,107370
216,0,43,41,4,1,1,2.0,0.48984141041442514,0.2079447025997395,105,0,39877,110124
478,0,1,36,5,5,2,4.0,0.5654245103778365,0.14036520877850922,97,0,34916,115085
0,0,3,2,4,5,1,3.3333333333333335,0.5695836594083099,0.1187805869833473,65,0,33067,116934
42,0,23,21,1,4,1,2.0,0.41790556188954475,0.19672093993937906,156,0,37483,112518
231,0,40,44,1,1,3,1.6666666666666667,0.510208060924719,0.15023672664458365,110,0,39908,110093
119,0,44,1,1,3,4,2.6666666666666665,0.4440101315334662,0.2373220091868311,11961,33,115437,34564
183,0,22,18,2,1,2,1.6666666666666667,0.45778997210851446,0.2020097290161375,8324,41,113207,36794
420,0,29,48,4,1,5,3.3333333333333335,0.6038161018373013,0.90114517987933,16855,23,147805,2196
300,0,8,12,2,1,1,1.3333333333333333,0.4411843435691722,0.19409905960219231,6396,7,130182,19819
166,0,1,23,3,2,5,3.3333333333333335,0.41715984883155083,0.2580871215220882,125,0,43485,106516
238,0,21,16,1,1,2,1.3333333333333333,0.46051353877255674,0.16402663763711492,5236,16,102850,47151
176,0,23,22,4,2,2,2.6666666666666665,0.5011956058494733,0.279300236359997,186,0,55792,94209
429,0,34,46,2,2,1,1.6666666666666667,0.6055730639027871,0.17376829807622135,79,0,33894,116107
217,0,16,27,2,4,4,3.3333333333333335,0.5291497189485732,0.15283880387360455,128,0,44792,105209
376,0,41,23,1,1,5,2.3333333333333335,0.6546258710453235,0.3095717521393732,3898,11,102996,47005
18,0,6,38,2,1,4,2.3333333333333335,0.5137672631697842,0.09546578971089013,112,0,39346,110655
310,0,22,32,4,2,2,2.6666666666666665,0.5060659018733056,0.14878754742159603,103,0,42891,107110
115,0,46,4,5,2,4,3.6666666666666665,0.6116770451975341,0.9992643709893875,25807,60,149071,930
490,0,8,20,4,1,3,2.6666666666666665,0.4913235190928892,0.16207309388611996,101,0,39115,110886
116,0,22,44,2,3,5,3.3333333333333335,0.5608132686695089,0.14031531385227478,368,2,39941,110060
236,0,0,47,3,4,3,3.3333333333333335,0.5007647471512616,0.18512724702743152,139,0,44766,105235
202,0,1,9,1,1,5,2.3333333333333335,0.4872257218080964,0.18556545470052124,68,0,30904,119097
324,0,35,49,1,4,3,2.6666666666666665,0.5366695888114102,0.16248544096132594,93,0,38003,111998
62,0,44,10,2,2,1,1.6666666666666667,0.5728168517245928,0.15982733244230823,1737,1,49738,100263
339,0,41,7,3,4,3,3.3333333333333335,0.5737020473215768,0.3162229578001179,330,0,57719,92282
423,0,14,2,1,2,5,2.6666666666666665,0.4516424279925783,0.28700452959997064,6911,9,94424,55577
73,0,33,16,1,4,2,2.3333333333333335,0.43709845258267266,0.18163703401571546,88,0,36563,113438
281,0,6,4,5,3,4,4.0,0.5239408228987974,0.1593387684894589,224,0,59488,90513
323,0,38,2,4,3,1,2.6666666666666665,0.5905590672599474,0.11115340620258894,130,0,42335,107666
177,0,26,0,3,4,2,3.0,0.5179211734772919,0.14162129493568562,110,0,46308,103693
418,0,25,3,1,4,2,2.3333333333333335,0.589454560368945,0.10775825285020528,86,0,33700,116301
108,0,5,30,1,5,2,2.6666666666666665,0.49038660990834304,0.10358918174106273,138,2,38258,111743
10,0,32,12,4,1,4,3.0,0.5065091378095833,0.22945328665505121,265,0,64348,85653
193,0,38,41,1,2,3,2.0,0.3414309956749535,0.22509521889973116,124,0,49677,100324
58,0,26,7,5,1,5,3.6666666666666665,0.45184077972127495,0.15859798637848643,119,0,42988,107013
4,0,48,4,1,4,3,2.6666666666666665,0.5709917887229167,0.18638438755175377,67,0,34957,115044
447,0,2,34,1,3,2,2.0,0.4839014255458372,0.14315572985199843,74,0,35892,114109
373,0,13,9,4,1,3,2.6666666666666665,0.5951662786930427,0.16520526080545025,86,0,38272,111729
276,0,43,22,2,2,1,1.6666666666666667,0.48596351625755146,0.277746686969501,80,0,35966,114035
190,0,4,15,3,3,4,3.3333333333333335,0.4492810015313603,0.1733957674160109,159,0,51344,98657
357,0,40,30,1,5,4,3.3333333333333335,0.5790067210100038,0.1447941225656504,91,0,38608,111393
371,0,7,25,1,5,4,3.3333333333333335,0.4732934305429014,0.2474571029588453,169,0,41190,108811
351,0,35,38,2,3,3,2.6666666666666665,0.4517824526141048,0.07836717244011668,97,0,42235,107766
409,0,10,41,3,3,3,3.0,0.37662303798231356,0.086094084603069,137,0,46323,103678
78,0,22,41,4,1,5,3.3333333333333335,0.513731765552122,0.1798687009224155,122,0,37967,112034
212,0,43,49,1,1,4,2.0,0.447131440662267,0.2615440131924723,81,0,39610,110391
433,0,29,46,2,1,3,2.0,0.4992879679976476,0.1549053066858577,73,0,36185,113816
167,0,26,28,2,3,4,3.0,0.4684560204428571,0.18093978887992668,162,0,44724,105277
481,0,9,22,2,4,1,2.3333333333333335,0.49875021073592823,0.1885345254471572,68,0,34563,115438
399,0,49,24,2,4,4,3.3333333333333335,0.4192390921983171,0.10201963013976738,114,0,37006,112995
374,0,27,28,1,4,1,2.0,0.39583629371561696,0.142584936253845,306,4,46050,103951
139,0,3,16,1,1,5,2.3333333333333335,0.39825873354402624,0.20082107712803343,9662,50,116372,33629
493,0,36,8,2,1,4,2.3333333333333335,0.35501822327417365,0.11708453012083106,85,0,33139,116862
199,0,30,21,4,3,1,2.6666666666666665,0.43913841803868203,0.2453886484563318,91,0,39048,110953
165,0,2,40,3,1,4,2.6666666666666665,0.42115121433433644,0.20763652967366983,68,0,32982,117019
9,0,28,7,1,1,5,2.3333333333333335,0.37457375527103415,0.15318302223446842,6214,8,85052,64949
93,0,22,2,3,4,5,4.0,0.4738594944842884,0.2798570184368614,129,0,39779,110222
315,0,13,36,1,2,2,1.6666666666666667,0.5094003107909604,0.41636432680009944,8886,46,138248,11753
308,0,42,12,1,1,3,1.6666666666666667,0.5469257050630085,0.15692637913800428,3246,6,80331,69670
20,0,33,45,2,2,1,1.6666666666666667,0.5822353258201698,0.20814201141827227,156,0,44361,105640
288,0,10,25,1,1,1,1.0,0.4285447766037627,0.20059235055230942,575,0,49636,100365
196,0,25,25,3,1,3,2.3333333333333335,0.4690818889603623,0.19797830953940065,184,0,44156,105845
50,0,28,29,1,4,1,2.0,0.423709517963221,0.16467347448534847,68,0,32728,117273
132,0,0,24,4,4,2,3.3333333333333335,0.5382576731856551,0.26903773897623,200,0,51120,98881
341,0,48,1,2,2,4,2.6666666666666665,0.5081356123237853,0.2001698801863203,88,0,38178,111823
354,0,40,13,3,1,4,2.6666666666666665,0.48311684823832923,0.22401786642456745,152,0,50871,99130
404,0,41,9,3,3,1,2.3333333333333335,0.48017584284794945,0.11920319331862085,98,0,39508,110493
366,0,11,26,3,3,1,2.3333333333333335,0.5221953528900688,0.17571824032886754,200,0,51049,98952
375,0,9,0,1,2,4,2.3333333333333335,0.5376031939831654,0.25798846946907766,119,0,36193,113808
152,0,43,18,5,4,1,3.3333333333333335,0.523661757524876,0.0704330737560138,158,0,39792,110209
64,0,29,38,5,1,1,2.3333333333333335,0.5189157665160763,0.17907562510898756,9126,48,118553,31448
123,0,24,20,2,3,1,2.0,0.40725090025479765,0.2743167962635242,117,0,39285,110716
419,0,39,8,5,1,4,3.3333333333333335,0.37477380615067096,0.22941001497765806,157,0,45079,104922
92,0,40,16,2,2,2,2.0,0.462996005521565,0.19464618740393644,130,0,42918,107083
55,0,14,8,2,5,1,2.6666666666666665,0.5113380078685184,0.164934242574257,94,0,39770,110231
305,0,18,33,3,3,3,3.0,0.402853752609798,0.18605127414816092,157,0,44365,105636
45,0,6,35,1,2,1,1.3333333333333333,0.33687015752105515,0.15596327944240407,608,0,54318,95683
332,0,32,23,2,3,1,2.0,0.41202206201912717,0.09626926750619212,173,0,48971,101030
321,0,35,48,3,5,4,4.0,0.4243627854267111,0.2063532107647955,158,0,46771,103230
367,0,3,33,1,4,4,3.0,0.3893772304676461,0.27564141548077753,104,0,38765,111236
209,0,14,31,1,4,1,2.0,0.47442334606607156,0.21518330225936882,8159,27,120174,29827
143,0,48,32,2,5,1,2.6666666666666665,0.4593183565351251,0.1391244243573813,1569,3,58886,91115
358,0,40,46,3,2,2,2.3333333333333335,0.4047060893030343,0.9701573869634987,19472,34,148407,1594
449,0,24,4,2,1,1,1.3333333333333333,0.36311921700018673,0.3043652787600205,81,0,31499,118502
416,0,40,32,4,2,2,2.6666666666666665,0.5383294627288855,0.7850789341155726,13192,64,140382,9619
378,0,34,49,2,1,5,2.6666666666666665,0.519722689474113,0.9693805050117698,18106,47,148578,1423
187,0,6,29,1,5,4,3.3333333333333335,0.356378296293995,0.9093321870922271,18059,37,148836,1165
370,0,41,20,3,4,3,3.3333333333333335,0.21591664570954844,0.9931657811165425,26637,19,149005,996
495,0,17,27,5,3,5,4.333333333333333,0.5179305772309748,0.9998461112562301,30701,95,149321,680
48,0,42,21,1,5,5,3.6666666666666665,0.3226622752278378,0.9662824501212369,18138,51,148398,1603
197,0,47,19,5,5,4,4.666666666666667,0.21559227052504024,0.9982171221008347,33020,108,149354,647
243,0,44,18,1,5,5,3.6666666666666665,0.5221286280531068,0.828201160221699,15411,96,147505,2496
173,0,3,8,5,3,4,4.0,0.3718636219210401,0.9868239917318588,12675,6,93682,56319
203,0,15,21,5,2,3,3.3333333333333335,0.4796519205997981,0.9951253862672952,23036,43,149052,949
294,0,48,17,2,1,4,2.3333333333333335,0.42591951241170817,0.7040974632655105,13855,28,147321,2680
240,0,28,21,3,3,3,3.0,0.5513643566800137,0.9921736734958629,24798,54,149060,941
257,0,15,24,5,1,5,3.6666666666666665,0.36620894429793643,0.24037357849126434,103,0,39374,110627
299,0,43,6,1,5,2,2.6666666666666665,0.42656180363167107,0.8702707975925691,13616,49,147286,2715
344,0,38,35,3,2,1,2.0,0.42173087135261755,0.9853774671719568,14606,49,148352,1649
172,0,26,37,4,4,3,3.6666666666666665,0.46413876151336014,0.9821726059697706,28997,127,149180,821
52,0,33,39,4,1,3,2.6666666666666665,0.2949689756100544,0.9497720886813225,15876,57,147603,2398
253,0,32,18,1,1,4,2.0,0.33472909683137597,0.994264468648136,10928,31,147321,2680
2,0,45,31,2,4,1,2.3333333333333335,0.4100737129796684,0.2922811623661208,11950,48,120212,29789
241,0,18,49,3,2,1,2.0,0.5996023893134971,0.9028035505343709,15003,57,147919,2082
188,0,0,12,2,5,1,2.6666666666666665,0.43770062694577766,0.22602067065104048,85,0,35617,114384
161,0,4,1,5,5,3,4.333333333333333,0.3209241961604376,0.9998480369706334,27225,82,148612,1389
150,0,44,16,3,2,3,2.6666666666666665,0.5286094747550254,0.9742484921590874,21694,35,148890,1111
79,0,46,12,3,4,2,3.0,0.5375369064393665,0.9516180863007623,20949,10,148744,1257
191,0,29,43,2,5,5,4.0,0.5954364724964187,0.9889168300531965,24959,100,148929,1072
162,0,9,4,3,5,2,3.3333333333333335,0.38473025089003915,0.997157867495523,23080,104,148768,1233
417,0,11,39,5,4,1,3.3333333333333335,0.5381682707175396,0.9685321120254163,18669,42,148616,1385
432,0,40,14,1,5,3,3.0,0.5225478701939308,0.9520559840890472,16495,73,148132,1869
496,0,29,2,3,1,2,2.0,0.43432809175424625,0.8897902321437594,12757,19,146402,3599
175,0,27,44,1,3,3,2.3333333333333335,0.5573838268974993,0.9340086020540048,15265,36,148061,1940
169,0,18,48,5,5,1,3.6666666666666665,0.4286388908359602,0.6159759020281678,5321,7,115827,34174
309,0,16,12,5,4,2,3.6666666666666665,0.3421376810580663,0.9999997609503577,26228,65,149195,806
436,0,37,48,2,1,4,2.3333333333333335,0.6428426647037084,0.2612931137576334,62,0,35769,114232
96,0,13,46,3,5,1,3.0,0.496547699555062,0.9360544025541414,9289,55,99060,50941
232,0,38,32,4,4,3,3.6666666666666665,0.40261463062938724,0.9919581688053111,28569,64,149144,857
251,0,21,6,5,1,3,3.0,0.4678836383918308,0.8671609355030861,4506,4,102984,47017
194,0,33,35,5,4,2,3.6666666666666665,0.4969074777540057,0.5006063416527766,371,0,75464,74537
380,0,22,23,5,5,4,4.666666666666667,0.4032305322777957,0.9962639355649026,32571,111,149522,479
398,0,29,44,5,3,5,4.333333333333333,0.4360102376814021,0.935375392085531,31231,78,149214,787
403,0,47,22,2,2,5,3.0,0.5398024626904802,0.8606117679378978,22072,70,147666,2335
261,0,5,6,3,4,5,4.0,0.380414948763413,0.99787043900061,19851,29,146941,3060
325,0,32,15,1,4,5,3.3333333333333335,0.6001574858431009,0.9940526651738893,18020,76,148363,1638
348,0,18,7,5,4,1,3.3333333333333335,0.5940954524429102,0.956774387274347,15915,87,148300,1701
331,0,49,38,2,2,5,3.0,0.4150615510921574,0.9519916897827895,20308,66,148504,1497
468,0,7,8,2,5,1,2.6666666666666665,0.43185328216018315,0.9091733084538216,15123,25,148144,1857
17,0,46,23,1,4,1,2.0,0.2457930398181337,0.24750420935663953,106,0,36309,113692
462,0,43,33,4,1,3,2.6666666666666665,0.28163148295073204,0.2854153901233918,569,2,70096,79905
442,0,3,49,1,4,2,2.3333333333333335,0.6170504624783689,0.9168679085207286,7059,32,95707,54294
329,0,22,39,4,2,4,3.3333333333333335,0.5073610933508981,0.9906198532593783,24240,56,149090,911
437,0,8,16,4,5,3,4.0,0.4339888720166457,0.999971526607565,16582,68,104620,45381
72,0,18,24,1,5,1,2.3333333333333335,0.4120520982960176,0.9793788417182631,11701,34,145293,4708
458,0,31,47,3,5,5,4.333333333333333,0.37406530531014537,0.9896996329404121,29548,68,149345,656
338,0,49,11,2,4,3,3.0,0.41832871781218145,0.9327873921225344,17350,42,144905,5096
180,0,0,20,4,3,5,4.0,0.33325164964750564,0.9999950683193407,29108,117,149250,751
38,0,49,0,5,3,2,3.3333333333333335,0.47855238232749714,0.9919134653727675,22916,65,148839,1162
211,0,26,42,2,5,2,3.0,0.5294158549097651,0.9145020445480676,21231,56,148672,1329
443,0,49,19,2,5,2,3.0,0.44985483011388583,0.9997863857614224,19774,96,148398,1603
168,0,28,42,5,2,4,3.6666666666666665,0.383104524884929,0.9941731753246787,26882,85,149196,805
208,0,36,24,2,2,1,1.6666666666666667,0.5521757508241486,0.19135714755616992,165,0,48815,101186
151,0,1,31,4,3,5,4.0,0.20345094265749586,0.24248078875610743,89,0,38833,111168
114,0,39,29,5,1,1,2.3333333333333335,0.5877972534987748,0.07602681559384242,92,0,34000,116001
163,0,6,17,2,5,1,2.6666666666666665,0.44017509933366933,0.9016977929579244,15347,26,148065,1936
319,0,15,31,1,4,4,3.0,0.3769814273337614,0.9458121831489954,13086,20,147523,2478
384,0,40,41,4,3,3,3.3333333333333335,0.3955707900914122,0.9704643278369617,27139,14,148848,1153
117,0,46,3,2,5,2,3.0,0.6003645749544642,0.1747375248542504,105,0,41870,108131
204,0,34,12,3,3,3,3.0,0.4070824039082554,0.9534668849526551,23433,25,149014,987
137,0,22,8,5,2,2,3.0,0.44479100636173047,0.869558450962111,17767,24,148221,1780
388,0,7,29,4,3,2,3.0,0.5415596360609218,0.09407258252868494,107,0,39289,110712
129,0,18,15,5,4,4,4.333333333333333,0.5822508331797658,0.9999508332364181,31011,75,149337,664
146,0,11,47,5,4,2,3.6666666666666665,0.47274266491970435,0.969522631905647,23790,107,148919,1082
359,0,37,29,1,2,1,1.3333333333333333,0.42233022580414037,0.12078166800978744,4518,3,111193,38808
125,0,2,22,4,4,1,3.0,0.49659212549705245,0.31263341696261526,168,0,50622,99379
198,0,24,21,4,4,4,4.0,0.5274713515266445,0.989226134699238,18977,52,130071,19930
258,0,10,3,2,2,4,2.6666666666666665,0.3889053710903764,0.920104465326608,19374,63,147726,2275
343,0,7,4,4,1,2,2.3333333333333335,0.4688712470886411,0.12085702730677463,127,0,41774,108227
154,0,25,47,4,1,3,2.6666666666666665,0.5039665027422486,0.986035331484288,13829,39,147536,2465
487,0,2,6,3,1,2,2.0,0.44835131784439136,0.8990524298585992,10159,17,146373,3628
439,0,27,42,4,1,5,3.3333333333333335,0.38122142962842537,0.9501051053494134,15507,66,148029,1972
155,0,28,15,2,2,1,1.6666666666666667,0.46174456376390405,0.8887251346879043,7911,19,145974,4027
488,0,15,33,4,4,4,4.0,0.5094374943642523,0.996348633578533,30571,97,149340,661
407,0,42,2,4,3,3,3.3333333333333335,0.5792993402005001,0.9999041137524521,15707,7,147725,2276
274,0,8,35,5,1,5,3.6666666666666665,0.46745520506983945,0.9802831467329736,16022,53,148316,1685
86,0,38,40,3,2,1,2.0,0.45716785579476765,0.9229833063623105,13544,29,147609,2392
26,0,45,42,5,4,3,4.0,0.29911555257641914,0.9934837199894875,28452,65,149264,737
170,0,18,12,2,4,5,3.6666666666666665,0.37240615672495847,0.9988397428976836,27370,97,149261,740
233,0,25,9,3,5,3,3.6666666666666665,0.3516247091270969,0.9995347882606577,29973,123,149403,598
266,0,30,13,2,3,3,2.6666666666666665,0.42218877302913405,0.9863498086661093,19367,18,148424,1577
111,0,27,31,1,5,2,2.6666666666666665,0.41314271956613335,0.9762797559434085,11196,30,138126,11875
239,0,17,7,2,3,3,2.6666666666666665,0.4846522971202135,0.9761335871386874,8489,11,105421,44580
195,0,19,12,1,2,2,1.6666666666666667,0.5242369998455046,0.843426798563251,11697,26,147302,2699
11,0,35,8,1,3,5,3.0,0.4678876251199982,0.9732742991989817,3645,0,78303,71698
304,0,23,43,2,1,3,2.0,0.5624220114983578,0.9555751136625923,13690,26,147398,2603
147,0,39,40,1,5,5,3.6666666666666665,0.44581765371165716,0.19242236531118678,111,0,39142,110859
386,0,41,29,4,3,5,4.0,0.3602495784172143,0.9279207314005763,31341,126,149446,555
40,0,31,29,2,5,4,3.6666666666666665,0.43593377714072196,0.9688122442516658,23032,59,141186,8815
250,0,36,31,3,4,1,2.6666666666666665,0.40234102060724347,0.940566212854674,16368,40,147375,2626
246,0,36,3,2,2,5,3.0,0.47619391377971926,0.984415356527281,18245,21,148077,1924
333,0,24,45,1,2,1,1.3333333333333333,0.20667731187273647,0.21577129732372965,128,0,31463,118538
101,0,33,9,2,5,5,4.0,0.31969486693694765,0.9936316472964734,27477,100,149203,798
27,0,6,36,4,2,1,2.3333333333333335,0.5366030295662727,0.9632834767887869,13908,25,144884,5117
205,0,32,8,5,2,5,4.0,0.595477251019612,0.9984730214634249,25451,89,147937,2064
68,0,40,27,1,1,4,2.0,0.47657293077395496,0.6688368633344317,9435,40,146065,3936
113,0,4,40,4,5,1,3.3333333333333335,0.34948212646134474,0.9009844391703813,17948,63,148610,1391
297,0,24,44,3,1,3,2.3333333333333335,0.4051071068173454,0.9992941427198874,15256,40,146637,3364
59,0,5,31,1,4,2,2.3333333333333335,0.219564066993065,0.267173869667917,105,0,36329,113672
285,0,3,26,1,4,2,2.3333333333333335,0.3859764398446596,0.9677703322729184,17335,51,148482,1519
223,0,31,2,4,3,5,4.0,0.5956889301834386,0.9406387124825379,28149,78,149356,645
268,0,13,41,4,1,3,2.6666666666666665,0.4625230778320399,0.9862522737567464,17222,39,148257,1744
224,0,31,34,5,5,1,3.6666666666666665,0.38266673647618055,0.9720146815842826,17538,69,148634,1367
302,0,26,35,4,2,2,2.6666666666666665,0.539778885422241,0.924148117373788,19637,46,148675,1326
421,0,18,44,3,3,3,3.0,0.3158970157661272,0.9030522682153532,26457,41,149176,825
492,0,20,25,1,2,5,2.6666666666666665,0.3338378313343113,0.9810147056746649,16372,53,148653,1348
430,0,29,18,5,2,5,4.0,0.3654437275819849,0.9828214638831166,28249,143,149422,579
336,0,23,42,3,2,5,3.3333333333333335,0.46945054710513895,0.9087903694281587,14084,62,122424,27577
391,0,25,33,4,3,4,3.6666666666666665,0.45166442761648024,0.9181631578360129,28541,52,149224,777
171,0,21,27,2,1,5,2.6666666666666665,0.2998293855909408,0.9817452031293888,15781,38,147497,2504
120,0,19,37,2,5,3,3.3333333333333335,0.4682204160914294,0.9837163273434482,23573,88,148760,1241
1,0,9,5,1,4,2,2.3333333333333335,0.39490264294226474,0.9873648052526136,14159,29,147770,2231
290,0,23,30,1,3,2,2.0,0.5653206393341319,0.9443950007025902,13858,22,147402,2599
46,0,46,16,3,5,1,3.0,0.568449681233395,0.997926060094797,14998,42,147954,2047
148,0,0,44,5,5,4,4.666666666666667,0.4606041700496849,0.9947609728040442,30879,45,148675,1326
473,0,40,25,3,5,4,4.0,0.2106365958165508,0.34974834069841265,89,0,40518,109483
484,0,6,47,1,3,1,1.6666666666666667,0.35282597170517294,0.2311667151901991,94,0,36573,113428
435,0,2,48,5,1,4,3.3333333333333335,0.6157951000881362,0.9280154007148204,4410,0,84899,65102
178,0,33,28,4,1,4,3.0,0.5674740173934582,0.9646283984856012,15207,66,147648,2353
41,0,1,5,1,1,1,1.0,0.5032981075557117,0.035362505969246213,55,0,30789,119212
381,0,32,4,2,4,4,3.3333333333333335,0.5648491383934243,0.9627159679774302,22429,58,148784,1217
226,0,34,13,4,5,4,4.333333333333333,0.3014541426305199,0.9999117828015229,27205,38,148984,1017
94,0,32,13,2,4,5,3.6666666666666665,0.32018405329422994,0.996151857023446,19688,62,148640,1361
158,0,39,41,2,4,4,3.3333333333333335,0.45183865379053983,0.9956031634185312,24477,67,148998,1003
286,0,37,41,5,3,5,4.333333333333333,0.3677143124845337,0.9362242844622929,30301,89,147401,2600
337,0,19,5,5,1,4,3.3333333333333335,0.41595985216584863,0.9747860519478825,16008,47,148002,1999
6,0,29,41,5,2,2,3.0,0.3956315387506172,0.9827184136735103,18585,73,142167,7834
82,0,16,7,4,5,5,4.666666666666667,0.46664731865801007,0.8801739665231413,29259,51,149251,750
105,0,0,35,2,4,3,3.0,0.37123469890332633,0.972695479390616,23565,55,148731,1270
206,0,28,44,1,2,4,2.3333333333333335,0.3307001922720974,0.16154668350411247,137,0,35947,114054
159,0,21,28,1,2,2,1.6666666666666667,0.49276161275129227,0.8194555537575305,6548,33,141042,8959
328,0,37,4,2,1,3,2.0,0.4206326359240123,0.9671546763462471,11350,48,146957,3044
53,0,4,5,5,3,5,4.333333333333333,0.5372314922637605,0.9631423556763022,2124,0,85275,64726
81,0,18,2,4,2,4,3.3333333333333335,0.49694513356102143,0.9975158007822201,12558,26,132533,17468
237,0,23,27,5,2,3,3.3333333333333335,0.5385290871999256,0.9635421834767905,21238,22,148926,1075
295,0,26,38,3,3,2,2.6666666666666665,0.47181537063611567,0.9151425733228932,22896,50,148924,1077
479,0,1,17,1,3,3,2.3333333333333335,0.474620074423821,0.9833034325381417,14868,76,142705,7296
466,0,47,8,1,4,2,2.3333333333333335,0.5474251944091825,0.1214686383500369,446,0,58804,91197
215,0,37,7,4,2,4,3.3333333333333335,0.3571958510761814,0.9999739476200785,15913,81,146591,3410
393,0,15,10,3,2,5,3.3333333333333335,0.3851583084812473,0.9837715357205823,18992,53,148031,1970
7,0,23,18,2,2,5,3.0,0.4626796798560439,0.9980222838345556,14572,63,134967,15034
192,0,14,49,1,4,4,3.0,0.4281000113971726,0.1728749188860189,71,0,33468,116533
57,0,13,1,4,2,3,3.0,0.45213041905199497,0.9854012348729579,24647,66,148932,1069
222,0,18,41,3,3,1,2.3333333333333335,0.4012476638735489,0.9620307773134237,16012,48,145117,4884
425,0,5,16,5,1,4,3.3333333333333335,0.516327080038644,0.15877067983742793,189,0,44587,105414
85,0,33,26,5,2,1,2.6666666666666665,0.4380152903753048,0.15406225291189965,81,0,35223,114778
189,0,40,26,3,3,2,2.6666666666666665,0.39515427702818373,0.9824077250171906,23011,32,148887,1114
383,0,20,18,3,2,5,3.3333333333333335,0.3781550126197826,0.9902232403933424,24970,68,149076,925
345,0,29,9,5,1,2,2.6666666666666665,0.47086591341137973,0.9106390390471338,12646,52,145461,4540
145,0,44,17,1,4,1,2.0,0.3379626465426746,0.42220343815049044,3378,29,87919,62082
97,0,5,34,3,4,3,3.3333333333333335,0.3386434789716436,0.9959784746415182,23718,48,148300,1701
402,0,32,48,2,4,4,3.3333333333333335,0.31718703998654885,0.32276475362315316,130,0,41215,108786
24,0,8,22,4,5,5,4.666666666666667,0.44239399314859745,0.9995841966277099,35102,82,149550,451
228,0,31,8,3,4,1,2.6666666666666665,0.5673091006666168,0.9745682187235779,15389,60,147687,2314
457,0,2,33,5,2,3,3.3333333333333335,0.4183402776377153,0.9999482716927298,24165,97,148494,1507
275,0,49,10,5,2,3,3.3333333333333335,0.4590655939476019,0.9994518106131178,20399,40,147993,2008
482,0,49,4,3,2,2,2.3333333333333335,0.5255956151022932,0.9916730279037371,20169,46,148176,1825
280,0,32,5,4,3,4,3.6666666666666665,0.4498459739819485,0.997056571847325,25623,69,148659,1342
182,0,15,35,3,3,4,3.3333333333333335,0.41748305273023933,0.17394013892591006,150,0,47431,102570
356,0,46,9,2,4,2,2.6666666666666665,0.3586003119870563,0.2294187241399895,117,0,43924,106077
77,0,43,5,4,2,5,3.6666666666666665,0.43688126843793784,0.9430258692904536,26421,82,149111,890
265,0,14,9,2,2,2,2.0,0.2619172237922433,0.9130457296118025,15383,43,147919,2082
136,0,4,43,1,4,2,2.3333333333333335,0.39137993836716356,0.8180969602587419,14876,37,148137,1864
63,0,34,27,5,1,1,2.3333333333333335,0.44543656787837976,0.9572269175896094,10476,29,146279,3722
491,0,47,17,3,2,2,2.3333333333333335,0.44967362911764575,0.9825433475407133,19808,45,148215,1786
16,0,44,25,2,1,3,2.0,0.5598343589506392,0.18730382017889896,2738,13,61881,88120
313,0,30,8,5,2,3,3.3333333333333335,0.39074261897357704,0.9665750003174455,22964,53,148905,1096
229,0,20,36,5,2,3,3.3333333333333335,0.6687263474762993,0.977101875327911,22433,82,148381,1620
480,0,20,40,5,4,4,4.333333333333333,0.5062302155459354,0.997991891620514,31951,73,149417,584
389,0,21,35,5,4,4,4.333333333333333,0.499699962458225,0.9867628017967444,31393,90,149373,628
395,0,7,42,3,5,4,4.0,0.4554243579335397,0.9474037545820198,18821,45,145146,4855
84,0,9,35,4,3,2,3.0,0.3964548407599359,0.9458211458115029,23766,30,148705,1296
98,0,24,2,5,3,4,4.0,0.6114734298527295,0.9621278536032014,22177,45,148410,1591
88,0,30,28,2,2,4,2.6666666666666665,0.43662270725795244,0.9076539274820833,5200,7,94745,55256
497,0,15,4,2,3,3,2.6666666666666665,0.5073429242581702,0.9447090902246982,20216,21,148615,1386
346,0,13,29,3,3,2,2.6666666666666665,0.4655449660428137,0.9264783188287105,19930,34,147890,2111
89,0,34,22,1,5,2,2.6666666666666665,0.4484894452955878,0.9870472320742655,16044,37,147428,2573
66,0,24,26,1,2,5,2.6666666666666665,0.4453416592219656,0.8932263870748238,11871,74,141762,8239
463,0,10,44,2,4,2,2.6666666666666665,0.39811933674066574,0.9720341054635083,20929,56,148775,1226
494,0,42,31,3,3,4,3.3333333333333335,0.3975865361482885,0.9729366313712372,28163,85,146255,3746
364,0,8,33,2,5,5,4.0,0.4358015320344338,0.9999999970282178,27034,66,149186,815
249,0,43,35,4,4,5,4.333333333333333,0.3660286364990066,0.995480537652423,25414,32,149380,621
39,0,5,32,4,2,5,3.6666666666666665,0.45885796610198976,0.9954453769844164,23921,62,148846,1155
469,0,31,10,1,1,4,2.0,0.48109136204009334,0.9529224292505355,12563,36,147807,2194
184,0,42,17,4,3,3,3.3333333333333335,0.5689968171406317,0.90871525020351,26801,47,149021,980
142,0,9,14,5,1,5,3.6666666666666665,0.5128120047858502,0.984584926599996,10733,52,101065,48936
254,0,7,19,2,2,5,3.0,0.3531075492608428,0.21853297960925452,5690,24,72422,77579
87,0,18,29,4,2,3,3.0,0.43113155455421687,0.9998320589469359,17739,31,148056,1945
19,0,24,18,1,5,5,3.6666666666666665,0.506920649563499,0.8785458921290233,12936,27,136272,13729
413,0,3,27,4,2,3,3.0,0.32160279677628556,0.929550103303075,21290,33,148781,1220
22,0,39,35,1,2,3,2.0,0.5090443498356839,0.8962834876097566,14198,58,147877,2124
382,0,18,40,1,1,3,1.6666666666666667,0.42109333920508574,0.7970640842980404,10525,39,146551,3450
181,0,41,42,1,2,5,2.6666666666666665,0.5274326141524395,0.9910237836054963,8884,28,142476,7525
392,0,47,1,3,4,3,3.3333333333333335,0.4327971049723646,0.960585269151485,23025,9,148613,1388
467,0,6,15,1,3,4,2.6666666666666665,0.4513564469236911,0.9333850646387639,16096,34,147852,2149
262,0,22,26,4,1,2,2.3333333333333335,0.5319243233081616,0.9373049209712028,13001,38,147413,2588
186,0,44,21,4,2,3,3.0,0.5089086768783794,0.9829097356753553,17489,17,140681,9320
316,0,1,11,5,2,2,3.0,0.44499984144351556,0.9517134052065516,20825,111,147969,2032
461,0,23,35,4,3,5,4.0,0.37265036749412406,0.997228867781369,28992,51,149363,638
362,0,26,15,1,5,4,3.3333333333333335,0.43705374447916034,0.9915545433616811,17779,58,148391,1610
287,0,45,33,4,5,4,4.333333333333333,0.4260309333101797,0.8899833316541955,30211,42,149200,801
56,0,15,34,4,3,4,3.6666666666666665,0.3497934270327909,0.9615076224784707,28618,79,148521,1480
35,0,22,15,3,3,5,3.6666666666666665,0.4149158695130356,0.9997933703598727,27575,80,149316,685
415,0,20,43,1,1,5,2.3333333333333335,0.44650582175529874,0.9683228463908354,11114,46,146551,3450
36,0,39,20,3,2,3,2.6666666666666665,0.43085195718760455,0.9728817764213225,10591,19,134602,15399
470,0,29,47,5,2,5,4.0,0.3599108326140959,0.9391265634291514,28059,65,149443,558
408,0,47,44,2,3,1,2.0,0.49574316761185955,0.9686035186346543,11588,24,146684,3317
301,0,3,37,1,4,2,2.3333333333333335,0.445116289122408,0.9075419072211532,17389,67,148532,1469
131,0,44,36,5,5,5,5.0,0.4897819799267854,0.9999208336807512,30682,73,149200,801
464,0,23,2,2,4,5,3.6666666666666665,0.2956901314666351,0.9561387995564181,24546,63,148886,1115
25,0,45,5,5,4,4,4.333333333333333,0.43372759651083936,0.9838198367034385,19324,68,142328,7673
121,0,20,30,4,3,5,4.0,0.380779699461716,0.9977799449624767,27728,53,149318,683
23,0,14,25,2,2,4,2.6666666666666665,0.5281349474353207,0.9480523463895402,17192,29,148194,1807
269,0,11,17,2,3,2,2.3333333333333335,0.4389419362785455,0.8918700688997213,9963,9,144418,5583
475,0,25,8,3,5,2,3.3333333333333335,0.37549653819457707,0.9989117107061959,25593,54,149325,676
317,0,39,22,3,2,1,2.0,0.5972772205830282,0.7293048207997843,10788,45,130391,19610
13,0,29,0,2,2,3,2.3333333333333335,0.3685548213200395,0.9055813940638855,12473,31,146075,3926
365,0,32,0,1,5,5,3.6666666666666665,0.49712528361477065,0.9939762827462414,16955,63,146682,3319
54,0,30,7,1,5,4,3.3333333333333335,0.47654106390395845,0.9388507750969595,15932,63,147568,2433
8,0,5,24,1,4,3,2.6666666666666665,0.5358757186265765,0.9907468272975203,15915,30,148015,1986
379,0,13,5,3,3,4,3.3333333333333335,0.32260914916044753,0.9994934239847793,25178,33,149208,793
307,0,2,38,5,5,3,4.333333333333333,0.46785773860141633,0.9986173611173629,29966,106,148342,1659
106,0,14,24,5,2,5,4.0,0.48778275867551935,0.9652722742289754,23906,109,148964,1037
109,0,29,22,2,3,1,2.0,0.4274674261522515,0.15400521038789033,95,0,40082,109919
397,0,40,11,4,2,4,3.3333333333333335,0.3930033626000056,0.9952651972130009,24908,71,148933,1068
279,0,17,31,5,1,4,3.3333333333333335,0.36779853090635933,0.9917983681707243,18766,50,148938,1063
124,0,11,46,5,2,1,2.6666666666666665,0.4443366656949554,0.8907167998433299,16086,32,148204,1797
225,0,37,10,5,1,5,3.6666666666666665,0.5526325918983973,0.9989507357774415,18313,77,148349,1652
353,0,1,12,4,1,3,2.6666666666666665,0.41230424818566896,0.9120243133090126,5016,10,94491,55510
75,0,7,48,4,3,5,4.0,0.4862541832117448,0.9947311849062795,31865,96,149089,912
474,0,14,17,5,3,3,3.6666666666666665,0.3079780081603372,0.9941062133917941,20487,103,143974,6027
431,0,20,38,5,4,5,4.666666666666667,0.540429233219062,0.9955070282375575,34066,52,149527,474
133,0,46,15,2,5,4,3.6666666666666665,0.4424772478346021,0.9997969084602297,19552,22,148240,1761
377,0,44,0,5,5,2,4.0,0.3530977001525028,0.9856159450996134,20695,102,147866,2135
234,0,2,4,5,4,5,4.666666666666667,0.3155909885076942,0.9783861101347842,32748,215,149158,843
260,0,7,41,1,1,4,2.0,0.44660243124222854,0.9138443944868015,7511,14,103994,46007
320,0,34,2,1,4,3,2.6666666666666665,0.5177770010989682,0.8526626365880224,16722,33,148012,1989
207,0,21,1,4,5,2,3.6666666666666665,0.366317193533565,0.9917777592374107,17408,42,147244,2757
213,0,28,48,5,3,4,4.0,0.4998096717245672,0.9180075487068811,23487,16,149169,832
298,0,35,44,3,4,3,3.3333333333333335,0.5134305978416658,0.98695810118062,27488,90,149193,808
99,0,27,0,3,2,5,3.3333333333333335,0.44608611703235435,0.968467697074006,25554,55,148504,1497
334,0,0,0,5,2,2,3.0,0.5536994815669162,0.19296627754299528,92,0,37009,112992
227,0,31,5,1,5,5,3.6666666666666665,0.5755459568943521,0.9471010715209738,17273,79,148135,1866
342,0,3,30,1,4,2,2.3333333333333335,0.5983597992305847,0.1135611307446897,103,0,33946,116055
277,0,37,38,2,5,2,3.0,0.5106642956467503,0.9974437646331245,20258,31,148781,1220
200,0,10,46,1,3,5,3.0,0.5239102258629307,0.9122100383259797,17186,36,148211,1790
424,0,49,1,2,2,4,2.6666666666666665,0.41945884099231284,0.9574712263824705,17042,41,147911,2090
103,0,17,37,2,5,1,2.6666666666666665,0.4529482012131165,0.13376748474055244,123,0,39562,110439
28,0,7,36,2,2,3,2.3333333333333335,0.4913602454047361,0.9771089935462582,11175,30,137757,12244
218,0,10,8,5,5,1,3.6666666666666665,0.6198656547934649,0.9855510222427113,11948,27,134618,15383
15,0,43,29,5,4,5,4.666666666666667,0.44998550357187955,0.9997585912167566,16762,42,97021,52980
335,0,27,11,2,5,4,3.6666666666666665,0.40504284929391454,0.9955168486721728,23136,23,149006,995
220,0,44,46,1,2,2,1.6666666666666667,0.45431609825906966,0.9456143934681681,14410,25,147968,2033
387,0,43,38,3,1,1,1.6666666666666667,0.3830399214879347,0.9363068682346986,6089,33,131628,18373
33,0,2,2,2,5,1,2.6666666666666665,0.48775638348676703,0.9775082688736583,5066,4,91429,58572
134,0,14,3,3,3,4,3.3333333333333335,0.33172092259410757,0.9994018201266484,24581,18,148907,1094
385,0,10,27,1,3,4,2.6666666666666665,0.536638440199503,0.9591330468739377,14694,39,148073,1928
476,0,31,25,5,4,3,4.0,0.45149990162739384,0.9993247673217576,26866,81,149234,767
352,0,17,26,1,4,4,3.0,0.30303850556098927,0.9607386798783946,14669,40,147463,2538
434,0,21,13,3,5,5,4.333333333333333,0.4527661329051076,0.9401088033551317,24413,23,148825,1176
498,0,29,49,3,2,4,3.0,0.5141776043337571,0.9483869229457318,17457,42,133941,16060
174,0,37,8,3,5,2,3.3333333333333335,0.4071174703292266,0.9857677710020266,17959,14,148180,1821
414,0,17,2,5,2,2,3.0,0.2749979033241621,0.27839994442095845,374,0,74775,75226
30,0,4,41,3,2,1,2.0,0.5083221712747998,0.855364398282633,11550,61,146989,3012
489,0,49,23,4,1,5,3.3333333333333335,0.5437505671778166,0.965535342457996,10322,54,131001,19000
278,0,41,4,1,2,3,2.0,0.4967502705629838,0.9743485435726696,11525,44,144406,5595
340,0,19,27,2,2,1,1.6666666666666667,0.50850183781569,0.46456990700054934,4067,15,95454,54547
318,0,40,28,1,4,1,2.0,0.4582046106722086,0.8859331956263821,9711,40,145284,4717
282,0,44,8,5,4,3,4.0,0.5435724490559409,0.9874785601117269,16954,58,109261,40740
5,0,41,44,4,5,2,3.6666666666666665,0.3015125661679043,0.9938215962342754,24142,32,149147,854
164,0,35,29,1,3,5,3.0,0.4872605808314895,0.9700447766554271,14613,91,144897,5104
100,0,24,31,4,1,3,2.6666666666666665,0.4378796986909814,0.9935829196613698,14128,64,145074,4927
455,0,49,26,3,1,2,2.0,0.5771153208100418,0.994885073120175,8220,51,141650,8351
401,0,4,21,2,4,2,2.6666666666666665,0.5682912902014741,0.9869499351780778,21932,36,148542,1459
273,0,8,9,1,4,2,2.3333333333333335,0.6044388194599819,0.23703693868081926,79,0,33787,116214
44,0,18,43,2,4,5,3.6666666666666665,0.2238135725361399,0.2807278026218558,121,0,43802,106199
311,0,45,27,2,3,5,3.3333333333333335,0.5495411598205744,0.9775536575646191,24563,33,148926,1075
31,0,38,30,4,3,3,3.3333333333333335,0.5117087001092863,0.978977476848384,14286,40,125462,24539
326,0,38,19,4,2,5,3.6666666666666665,0.43377843864037885,0.9548671004335256,25235,27,149267,734
369,0,34,19,1,2,3,2.0,0.5018236376862361,0.9675721758855461,11871,40,147015,2986
69,0,29,29,5,4,5,4.666666666666667,0.3740558552459943,0.991564464812762,33561,223,149443,558
51,0,40,49,2,4,3,3.0,0.33783973470935236,0.9314276815053668,20594,85,148987,1014
284,0,11,11,2,2,4,2.6666666666666665,0.3908658304017387,0.9741613780041708,18077,30,148106,1895
235,0,37,20,5,4,1,3.3333333333333335,0.54194696911966,0.98124287986682,14845,58,144831,5170
453,0,32,36,5,4,2,3.6666666666666665,0.3687059028143756,0.9996838687168388,18593,44,144629,5372
244,0,7,27,1,4,5,3.3333333333333335,0.22870403607940548,0.9731827444047286,18128,51,148592,1409
247,0,1,20,2,5,2,3.0,0.5837760596042543,0.991169598831965,22554,50,148627,1374
256,0,17,18,5,5,3,4.333333333333333,0.2997684715335195,0.3395212392766506,132,0,44205,105796
61,0,25,15,2,3,2,2.3333333333333335,0.5707698462414502,0.9409110901655423,20235,17,148827,1174
91,0,16,13,2,5,2,3.0,0.38026608964462816,0.9219499284529272,20146,12,148648,1353
271,0,26,44,5,4,2,3.6666666666666665,0.43572266176347263,0.9467061685340787,23208,65,148697,1304
451,0,16,26,4,1,1,2.0,0.24524337192483966,0.25543970410843014,5204,5,92245,57756
428,0,20,22,4,3,1,2.6666666666666665,0.28969415956383693,0.9764769018350274,12592,74,147554,2447
21,0,30,1,2,2,3,2.3333333333333335,0.5860237741517658,0.9424504322689178,8954,42,142098,7903
245,0,13,10,5,5,2,4.0,0.3901397995342136,0.986543142383047,28833,82,149335,666
441,0,48,7,5,2,3,3.3333333333333335,0.28469135021079334,0.996220291055288,23369,78,148450,1551
456,0,13,12,1,5,4,3.3333333333333335,0.48054336682156157,0.9786877473643992,17136,61,148513,1488
368,0,10,13,2,5,5,4.0,0.5429551283102988,0.9790418313790857,25879,70,148999,1002
14,0,27,39,5,3,5,4.333333333333333,0.4431258508444977,0.9993632512685631,32806,115,149439,562
394,0,12,4,3,3,5,3.6666666666666665,0.45306826202708095,0.9467029533309897,28235,112,148812,1189
248,0,44,40,1,1,4,2.0,0.5331434369300863,0.15625975090820704,80,0,33024,116977
306,0,30,39,1,4,5,3.3333333333333335,0.314648387876843,0.9821447069396795,19134,82,148913,1088
153,0,41,2,2,3,5,3.3333333333333335,0.5773805858331965,0.9582194576265214,20598,45,148355,1646
230,0,37,26,1,3,5,3.0,0.3870738770791481,0.9726217564845776,15616,48,147662,2339
440,0,6,46,1,2,1,1.3333333333333333,0.3211985441448309,0.8581645951642547,10501,29,146705,3296
149,0,33,32,5,5,2,4.0,0.4433348755310421,0.9713250647759486,28166,96,149308,693
128,0,24,34,4,3,1,2.6666666666666665,0.43366565023691245,0.91151082932817,16870,90,148269,1732
107,0,26,22,3,3,3,3.0,0.45328875192712936,0.9326081119460093,16914,26,146958,3043
477,0,10,18,3,4,5,4.0,0.5765010831474479,0.9986082181705751,30740,95,149311,690
157,0,26,3,1,5,3,3.0,0.34652784619617144,0.9601162328169733,16040,52,148502,1499
363,0,20,4,2,5,5,4.0,0.5696883953870678,0.9872938557556427,27292,75,149013,988
102,0,41,41,2,1,5,2.6666666666666665,0.46780379771846575,0.9673675397768613,17062,60,147799,2202
201,0,34,37,2,1,4,2.3333333333333335,0.45189585556964096,0.9603747193162626,10973,43,140085,9916
49,0,32,10,5,2,2,3.0,0.4321998783060513,0.9836940952361518,21099,50,148550,1451
390,0,8,39,4,1,3,2.6666666666666665,0.5693115928011608,0.16273165561769604,81,0,33875,116126
135,0,8,18,5,3,3,3.6666666666666665,0.325746522443593,0.9993515001565185,27771,61,149305,696
104,0,38,21,4,2,3,3.0,0.38900620763288846,0.9897986941664082,21029,29,148831,1170
80,0,2,27,4,1,5,3.3333333333333335,0.5433035327190742,0.9261494934574802,18594,76,143907,6094
438,0,0,34,3,4,5,4.0,0.5293354324916123,0.9825904444630003,31460,25,149536,465
460,0,46,28,3,5,2,3.3333333333333335,0.5585354603538448,0.9224096816509768,18203,6,148210,1791
138,0,11,44,5,1,3,3.0,0.37270926518115843,0.906550541370191,12959,49,139822,10179
252,0,14,30,1,5,5,3.6666666666666665,0.44761790745057195,0.9945968929403463,19633,59,148710,1291
303,0,10,9,5,3,5,4.333333333333333,0.30107062525848793,0.9799712744142055,27312,57,148863,1138
452,0,46,13,4,4,3,3.6666666666666665,0.29693265043092093,0.9542964982609904,25869,104,148453,1548
3,0,4,9,1,3,4,2.6666666666666665,0.48288181092400934,0.8984730428586273,14539,28,147476,2525
412,0,45,32,5,3,2,3.3333333333333335,0.42747792694435477,0.9591396758598708,3370,0,70368,79633
34,0,23,14,5,3,1,3.0,0.4139274375102968,0.9973123224383227,14775,39,146249,3752
450,0,34,48,3,1,5,3.0,0.37964490748855123,0.9954215388594838,7974,31,93194,56807
486,0,18,28,2,5,1,2.6666666666666665,0.42923555853251905,0.6576271877841413,14035,57,147846,2155
141,0,8,11,2,4,4,3.3333333333333335,0.4370830421844177,0.9971947472687177,25285,81,148925,1076
291,0,28,41,2,3,3,2.6666666666666665,0.5265721579797046,0.9959438610363972,18597,23,148143,1858
29,0,10,30,3,1,2,2.0,0.3826932429090007,0.9402100905442031,15864,40,147983,2018
32,0,3,23,5,1,3,3.0,0.4320737959524851,0.6308720243219903,15971,51,148043,1958
411,0,30,16,5,1,1,2.3333333333333335,0.48704955807762396,0.8329638809055756,8877,51,145609,4392
214,0,34,28,4,4,2,3.3333333333333335,0.4075736291246578,0.9986393583657477,22818,26,149188,813
427,0,17,0,5,3,2,3.3333333333333335,0.4388968616872108,0.9653008510256551,19229,68,148019,1982
499,0,44,43,3,1,4,2.6666666666666665,0.5265874019791238,0.9247638690891489,5969,32,133479,16522
242,0,39,32,5,2,2,3.0,0.4147280621801592,0.9557732993266436,19807,25,148659,1342
264,0,22,31,4,1,3,2.6666666666666665,0.44168725274052734,0.8749922434445461,16952,54,148135,1866
221,0,11,37,2,4,3,3.0,0.5085529985972086,0.9997839380104147,21299,41,148468,1533
283,0,0,42,2,3,3,2.6666666666666665,0.45268528517142975,0.9454681471087173,19821,68,148473,1528
90,0,49,9,1,4,5,3.3333333333333335,0.4779329864668434,0.9491264554896917,15510,28,147835,2166
65,0,26,5,4,3,4,3.6666666666666665,0.3084003542072252,0.9402576283732493,28639,65,149234,767
405,0,11,24,5,3,4,4.0,0.3488936647837761,0.9874700645148042,28703,77,146701,3300
43,0,31,27,4,3,3,3.3333333333333335,0.37296618892664024,0.9685297691251239,25219,43,149118,883
422,0,6,34,3,3,1,2.3333333333333335,0.5514424734689969,0.9529031359002641,7656,25,107738,42263
185,0,8,5,1,5,5,3.6666666666666665,0.526232623903477,0.9411561307675278,18271,62,148363,1638
355,0,24,47,1,5,3,3.0,0.19973803830065534,0.20157945758934703,107,0,36387,113614
47,0,43,36,5,2,5,4.0,0.3274546889026448,0.9773336802106324,28128,168,149225,776
12,0,41,48,4,5,4,4.333333333333333,0.49570673719476455,0.985393123387885,23092,82,145747,4254
127,0,2,49,2,2,2,2.0,0.33174944058865147,0.9679281726139503,14494,39,147204,2797
259,0,12,9,2,4,3,3.0,0.4221224838423184,0.9927444954862014,23804,30,148894,1107
83,0,8,45,1,1,3,1.6666666666666667,0.47376326752127024,0.14941434681209123,2356,7,57327,92674
67,0,20,20,1,4,2,2.3333333333333335,0.39646878902913424,0.9407621607903071,12947,23,147460,2541
267,0,29,7,5,1,5,3.6666666666666665,0.4180761622792007,0.9584417431227963,16069,87,148092,1909
361,0,42,0,1,3,2,2.0,0.5443728447270877,0.9597559736674666,11102,22,147249,2752
160,0,42,46,4,3,4,3.6666666666666665,0.3958285899044793,0.9998878455342901,28362,55,149322,679
485,0,37,12,2,3,5,3.3333333333333335,0.4499684391226869,0.9804194607806818,21780,65,148883,1118
330,0,28,17,5,2,2,3.0,0.5458792520804687,0.9592806467220857,16564,15,147606,2395
130,0,0,33,4,1,5,3.3333333333333335,0.48575310646873604,0.9338367823672628,18946,41,148641,1360
350,0,15,14,1,1,1,1.0,0.3181713528956491,0.3998102428377767,5301,26,140479,9522
210,0,40,0,1,3,1,1.6666666666666667,0.43012827312017293,0.2183301097948919,75,0,35360,114641
426,0,13,13,5,3,1,3.0,0.4299880157409162,0.6310964280995011,15973,38,148052,1949
360,0,46,1,2,1,4,2.3333333333333335,0.44149558730749766,0.9406383821108809,8109,59,130042,19959
74,0,48,23,1,3,3,2.3333333333333335,0.536954695700778,0.6477471443458519,7765,57,144282,5719
110,0,17,48,4,2,1,2.3333333333333335,0.4322301391573364,0.9094090128661543,14398,34,147684,2317
465,0,24,11,3,1,3,2.3333333333333335,0.4010627582384883,0.8938345891727755,13479,39,147077,2924
122,0,32,30,5,4,1,3.3333333333333335,0.5387517269251377,0.9947098265969253,17898,36,148329,1672
400,0,33,24,1,5,2,2.6666666666666665,0.38365515888852375,0.9999948503743072,11950,31,146923,3078
71,0,37,11,2,4,2,2.6666666666666665,0.5407757197218008,0.9783933988619744,20091,14,148758,1243
293,0,11,40,1,1,1,1.0,0.34332457183899123,0.39262596626858126,7569,15,139418,10583
347,0,47,2,1,4,3,2.6666666666666665,0.47447121045394147,0.9153514211686807,14375,28,147970,2031
263,0,22,37,3,5,2,3.3333333333333335,0.5005787726798584,0.9362246027804728,23027,76,148871,1130
406,0,31,1,3,3,1,2.3333333333333335,0.48911616158899496,0.6557685927654092,6942,70,139703,10298
445,0,37,27,4,3,5,4.0,0.39576248593333935,0.9982060478974675,31173,141,149274,727
270,0,28,26,5,1,5,3.6666666666666665,0.5062824101376302,0.18526896951908534,155,1,40215,109786
327,0,46,17,1,1,2,1.3333333333333333,0.4921614833961935,0.13320963390528,86,0,34687,115314
70,0,6,37,5,5,1,3.6666666666666665,0.31829780418838327,0.97486132200711,20251,78,148891,1110
60,0,29,15,2,2,5,3.0,0.48170625255272265,0.9935467083692703,20821,17,148590,1411
76,0,34,16,2,1,5,2.6666666666666665,0.6048345603011428,0.21634159348656518,252,4,52507,97494
219,0,24,39,2,3,3,2.6666666666666665,0.5285592513234156,0.9670641205667558,19572,53,148341,1660
144,0,32,22,4,5,3,4.0,0.41620339090669084,0.5829385791686227,530,0,84969,65032
483,0,36,49,5,1,3,3.0,0.4988381984302102,0.08447462731101223,94,0,40469,109532
444,0,41,5,1,4,1,2.0,0.5434797967970606,0.8832679346725268,9880,57,146477,3524
312,0,39,1,4,2,4,3.3333333333333335,0.44987754742101327,0.9446514828841948,25083,68,148873,1128
448,0,23,47,1,4,4,3.0,0.6623343038800859,0.9837777434703457,12529,40,139099,10902
314,0,19,33,3,2,2,2.3333333333333335,0.4703115662859748,0.9107204465343369,16412,46,147900,2101
255,0,12,31,2,5,5,4.0,0.2576646972351663,0.9794353396244715,24544,59,148923,1078
372,0,0,26,5,5,4,4.666666666666667,0.5119820109016645,0.9973124521311297,32138,28,148995,1006
410,0,31,49,3,4,4,3.6666666666666665,0.5325729611098555,0.9861281369808286,27091,87,148902,1099
471,0,12,34,1,2,1,1.3333333333333333,0.26637614119268643,0.30683730756023037,5873,22,138016,11985
396,0,43,48,1,3,4,2.6666666666666665,0.5266855028080314,0.9275950243512036,13836,17,146577,3424
126,0,23,32,4,5,1,3.3333333333333335,0.40012092295213625,0.996126486812717,17857,35,148918,1083
179,0,17,10,3,4,3,3.3333333333333335,0.4871285916728743,0.954797786207292,23598,25,148699,1302
322,0,12,26,2,5,4,3.6666666666666665,0.5224271480470336,0.9873650384217196,19566,97,148195,1806
349,0,49,45,3,4,2,3.0,0.4163160566298109,0.9072482277895094,21616,45,148183,1818
95,0,13,35,4,2,4,3.3333333333333335,0.5424067537102403,0.9907885652674028,23214,85,146751,3250
37,0,23,3,5,4,4,4.333333333333333,0.44912886912942895,0.9064797332239729,27875,43,149193,808
454,0,39,11,1,2,1,1.3333333333333333,0.5290858187958517,0.13423683145094256,101,0,34156,115845
446,0,44,6,1,3,5,3.0,0.42458664266337676,0.8414666514234158,16170,38,146908,3093
289,0,11,6,1,2,1,1.3333333333333333,0.479084080726331,0.2087615952027749,2659,0,86317,63684
472,0,25,12,2,5,3,3.3333333333333335,0.5385486923537388,0.985313258843308,24260,75,149082,919
140,0,33,15,3,3,5,3.6666666666666665,0.33246831124238346,0.9997430845474135,25680,26,149269,732
459,0,43,40,4,2,1,2.3333333333333335,0.49876999359876684,0.8938537035722698,12776,25,146380,3621
112,0,34,24,2,1,3,2.0,0.24522953467895553,0.24880635382689872,238,0,57379,92622
156,0,27,33,4,2,2,2.6666666666666665,0.5669884420919145,0.9621391065634665,9501,13,113781,36220
